-- MySQL dump 10.13  Distrib 8.0.19, for Win64 (x86_64)
--
-- Host: localhost    Database: device_guard_db
-- ------------------------------------------------------
-- Server version	8.0.45

/*!40101 SET @OLD_CHARACTER_SET_CLIENT=@@CHARACTER_SET_CLIENT */;
/*!40101 SET @OLD_CHARACTER_SET_RESULTS=@@CHARACTER_SET_RESULTS */;
/*!40101 SET @OLD_COLLATION_CONNECTION=@@COLLATION_CONNECTION */;
/*!50503 SET NAMES utf8mb4 */;
/*!40103 SET @OLD_TIME_ZONE=@@TIME_ZONE */;
/*!40103 SET TIME_ZONE='+00:00' */;
/*!40014 SET @OLD_UNIQUE_CHECKS=@@UNIQUE_CHECKS, UNIQUE_CHECKS=0 */;
/*!40014 SET @OLD_FOREIGN_KEY_CHECKS=@@FOREIGN_KEY_CHECKS, FOREIGN_KEY_CHECKS=0 */;
/*!40101 SET @OLD_SQL_MODE=@@SQL_MODE, SQL_MODE='NO_AUTO_VALUE_ON_ZERO' */;
/*!40111 SET @OLD_SQL_NOTES=@@SQL_NOTES, SQL_NOTES=0 */;

--
-- Table structure for table `correos`
--

DROP TABLE IF EXISTS `correos`;
/*!40101 SET @saved_cs_client     = @@character_set_client */;
/*!50503 SET character_set_client = utf8mb4 */;
CREATE TABLE `correos` (
  `id` int NOT NULL AUTO_INCREMENT,
  `destinatario` varchar(255) DEFAULT NULL,
  `asunto` varchar(255) DEFAULT NULL,
  `mensaje` text,
  `fecha_envio` date DEFAULT NULL,
  `hora_envio` time DEFAULT NULL,
  `usuario_id` int DEFAULT NULL,
  PRIMARY KEY (`id`),
  KEY `fk_correos_usuario` (`usuario_id`),
  CONSTRAINT `fk_correos_usuario` FOREIGN KEY (`usuario_id`) REFERENCES `usuarios` (`id`)
) ENGINE=InnoDB AUTO_INCREMENT=163 DEFAULT CHARSET=utf8mb4 COLLATE=utf8mb4_0900_ai_ci;
/*!40101 SET character_set_client = @saved_cs_client */;

--
-- Dumping data for table `correos`
--

LOCK TABLES `correos` WRITE;
/*!40000 ALTER TABLE `correos` DISABLE KEYS */;
INSERT INTO `correos` VALUES (49,'wrondonbarrero@gmail.com','Nuevo dispositivo registrado — DeviceGuard','Dispositivo \"Asus\" registrado en el sistema','2026-04-28','20:47:00',NULL),(50,'Lema.lu039@gmail.com','Nuevo dispositivo registrado — DeviceGuard','Dispositivo \"hp\" registrado en el sistema','2026-04-28','21:02:00',66),(51,'Lema.lu039@gmail.com','Inicio de mantenimiento — DeviceGuard','Dispositivo \"hp\" inició mantenimiento','2026-04-28','21:25:00',66),(52,'Lema.lu039@gmail.com','Inicio de mantenimiento — DeviceGuard','Dispositivo \"Asus\" inició mantenimiento','2026-04-28','21:52:00',66),(53,'Lema.lu039@gmail.com','Mantenimiento finalizado — DeviceGuard','Dispositivo \"hp\" listo para entrega','2026-04-28','21:53:00',66),(54,'maria.fernanda.lopez@gmail.com','Dispositivo entregado — DeviceGuard','Su dispositivo \"Samsung S27A600\" (Serial: SN-PAN-01019) ha sido entregado correctamente. Gracias por confiar en DeviceGuard.','2026-04-28','14:37:00',27),(55,'maria.fernanda.lopez@gmail.com','Mantenimiento finalizado — DeviceGuard','Su dispositivo \"LG 24MK430H\" (Serial: SN-PAN-01026) ha completado el mantenimiento y está listo para ser retirado.','2026-04-28','08:23:00',27),(56,'maria.fernanda.lopez@gmail.com','Mantenimiento finalizado — DeviceGuard','Su dispositivo \"Samsung Galaxy Tab A8\" (Serial: SN-TAB-01041) ha completado el mantenimiento y está listo para ser retirado.','2026-04-28','10:39:00',27),(57,'maria.fernanda.lopez@gmail.com','Mantenimiento finalizado — DeviceGuard','Su dispositivo \"Asus ExpertBook B1\" (Serial: SN-POR-01053) ha completado el mantenimiento y está listo para ser retirado.','2026-04-28','10:35:00',27),(58,'ana.sofia.martinez@gmail.com','Inicio de mantenimiento — DeviceGuard','Su dispositivo \"Lenovo Tab P11\" (Serial: SN-TAB-01010) ha iniciado proceso de mantenimiento. Le notificaremos cuando esté listo.','2026-04-28','16:38:00',28),(59,'ana.sofia.martinez@gmail.com','Dispositivo entregado — DeviceGuard','Su dispositivo \"LG 27GL850-B\" (Serial: SN-PAN-01035) ha sido entregado correctamente. Gracias por confiar en DeviceGuard.','2026-04-28','12:24:00',28),(60,'ana.sofia.martinez@gmail.com','Dispositivo en revisión — DeviceGuard','Su dispositivo \"Lenovo ThinkPad E15\" (Serial: SN-POR-01056) ha ingresado al sistema y se encuentra en revisión inicial.','2026-04-28','09:53:00',28),(61,'ana.sofia.martinez@gmail.com','Dispositivo entregado — DeviceGuard','Su dispositivo \"Lenovo Tab P11\" (Serial: SN-TAB-01062) ha sido entregado correctamente. Gracias por confiar en DeviceGuard.','2026-04-28','08:50:00',28),(62,'ana.sofia.martinez@gmail.com','Dispositivo entregado — DeviceGuard','Su dispositivo \"Dell U2722D\" (Serial: SN-PAN-01093) ha sido entregado correctamente. Gracias por confiar en DeviceGuard.','2026-04-28','07:27:00',28),(63,'laura.valentina.cruz@gmail.com','Inicio de mantenimiento — DeviceGuard','Su dispositivo \"HP OfficeJet Pro 9015\" (Serial: SN-IMP-01011) ha iniciado proceso de mantenimiento. Le notificaremos cuando esté listo.','2026-04-28','11:52:00',29),(64,'laura.valentina.cruz@gmail.com','Dispositivo entregado — DeviceGuard','Su dispositivo \"HP OfficeJet Pro 9015\" (Serial: SN-IMP-01027) ha sido entregado correctamente. Gracias por confiar en DeviceGuard.','2026-04-28','08:55:00',29),(65,'laura.valentina.cruz@gmail.com','Mantenimiento finalizado — DeviceGuard','Su dispositivo \"Apple iPad Mini 6\" (Serial: SN-TAB-01049) ha completado el mantenimiento y está listo para ser retirado.','2026-04-28','16:22:00',29),(66,'laura.valentina.cruz@gmail.com','Dispositivo entregado — DeviceGuard','Su dispositivo \"Epson WorkForce WF-2850\" (Serial: SN-IMP-01095) ha sido entregado correctamente. Gracias por confiar en DeviceGuard.','2026-04-28','10:48:00',29),(67,'daniela.paola.herrera@gmail.com','Inicio de mantenimiento — DeviceGuard','Su dispositivo \"Samsung C27F396\" (Serial: SN-PAN-01031) ha iniciado proceso de mantenimiento. Le notificaremos cuando esté listo.','2026-04-28','08:29:00',30),(68,'daniela.paola.herrera@gmail.com','Mantenimiento finalizado — DeviceGuard','Su dispositivo \"Optoma EH412\" (Serial: SN-PRO-01081) ha completado el mantenimiento y está listo para ser retirado.','2026-04-28','12:06:00',30),(69,'daniela.paola.herrera@gmail.com','Dispositivo en revisión — DeviceGuard','Su dispositivo \"Epson EB-X51\" (Serial: SN-PRO-01098) ha ingresado al sistema y se encuentra en revisión inicial.','2026-04-28','11:30:00',30),(70,'valentina.reyes@gmail.com','Mantenimiento finalizado — DeviceGuard','Su dispositivo \"Apple MacBook Pro 13\" (Serial: SN-POR-01001) ha completado el mantenimiento y está listo para ser retirado.','2026-04-28','17:51:00',31),(71,'valentina.reyes@gmail.com','Dispositivo en revisión — DeviceGuard','Su dispositivo \"Apple iPad Air 5\" (Serial: SN-TAB-01057) ha ingresado al sistema y se encuentra en revisión inicial.','2026-04-28','16:24:00',31),(72,'valentina.reyes@gmail.com','Dispositivo entregado — DeviceGuard','Su dispositivo \"Lenovo IdeaPad 3\" (Serial: SN-POR-01078) ha sido entregado correctamente. Gracias por confiar en DeviceGuard.','2026-04-28','09:20:00',31),(73,'isabella.moreno@gmail.com','Mantenimiento finalizado — DeviceGuard','Su dispositivo \"Samsung Galaxy Tab S6 Lite\" (Serial: SN-TAB-01028) ha completado el mantenimiento y está listo para ser retirado.','2026-04-28','14:23:00',32),(74,'natalia.gutierrez@gmail.com','Mantenimiento finalizado — DeviceGuard','Su dispositivo \"Dell U2722D\" (Serial: SN-PAN-01037) ha completado el mantenimiento y está listo para ser retirado.','2026-04-28','11:07:00',33),(75,'natalia.gutierrez@gmail.com','Mantenimiento finalizado — DeviceGuard','Su dispositivo \"Samsung Galaxy Tab S7\" (Serial: SN-TAB-01060) ha completado el mantenimiento y está listo para ser retirado.','2026-04-28','15:38:00',33),(76,'natalia.gutierrez@gmail.com','Inicio de mantenimiento — DeviceGuard','Su dispositivo \"Asus ZenBook 14\" (Serial: SN-POR-01067) ha iniciado proceso de mantenimiento. Le notificaremos cuando esté listo.','2026-04-28','09:54:00',33),(77,'paola.andrea.vargas@gmail.com','Dispositivo en revisión — DeviceGuard','Su dispositivo \"Lenovo Tab P11\" (Serial: SN-TAB-01040) ha ingresado al sistema y se encuentra en revisión inicial.','2026-04-28','07:35:00',34),(78,'paola.andrea.vargas@gmail.com','Dispositivo en revisión — DeviceGuard','Su dispositivo \"Epson L4260\" (Serial: SN-IMP-01052) ha ingresado al sistema y se encuentra en revisión inicial.','2026-04-28','09:48:00',34),(79,'paola.andrea.vargas@gmail.com','Dispositivo en revisión — DeviceGuard','Su dispositivo \"Samsung S24F350\" (Serial: SN-PAN-01092) ha ingresado al sistema y se encuentra en revisión inicial.','2026-04-28','08:06:00',34),(80,'juliana.castillo@gmail.com','Mantenimiento finalizado — DeviceGuard','Su dispositivo \"HP LaserJet Pro M404n\" (Serial: SN-IMP-01022) ha completado el mantenimiento y está listo para ser retirado.','2026-04-28','16:42:00',35),(81,'juliana.castillo@gmail.com','Mantenimiento finalizado — DeviceGuard','Su dispositivo \"Canon imageCLASS MF445dw\" (Serial: SN-IMP-01029) ha completado el mantenimiento y está listo para ser retirado.','2026-04-28','09:08:00',35),(82,'juliana.castillo@gmail.com','Dispositivo en revisión — DeviceGuard','Su dispositivo \"Lenovo ThinkCentre M70q\" (Serial: SN-COM-01063) ha ingresado al sistema y se encuentra en revisión inicial.','2026-04-28','08:44:00',35),(83,'alejandra.rios@gmail.com','Dispositivo entregado — DeviceGuard','Su dispositivo \"Lenovo IdeaCentre 3\" (Serial: SN-COM-01009) ha sido entregado correctamente. Gracias por confiar en DeviceGuard.','2026-04-28','12:23:00',36),(84,'alejandra.rios@gmail.com','Dispositivo en revisión — DeviceGuard','Su dispositivo \"Optoma W400LVe\" (Serial: SN-PRO-01020) ha ingresado al sistema y se encuentra en revisión inicial.','2026-04-28','12:58:00',36),(85,'alejandra.rios@gmail.com','Inicio de mantenimiento — DeviceGuard','Su dispositivo \"Samsung S24F350\" (Serial: SN-PAN-01064) ha iniciado proceso de mantenimiento. Le notificaremos cuando esté listo.','2026-04-28','11:09:00',36),(86,'alejandra.rios@gmail.com','Inicio de mantenimiento — DeviceGuard','Su dispositivo \"Dell OptiPlex 3080\" (Serial: SN-COM-01065) ha iniciado proceso de mantenimiento. Le notificaremos cuando esté listo.','2026-04-28','17:21:00',36),(87,'monica.patricia.diaz@gmail.com','Dispositivo en revisión — DeviceGuard','Su dispositivo \"Lenovo Tab P11\" (Serial: SN-TAB-01006) ha ingresado al sistema y se encuentra en revisión inicial.','2026-04-28','09:29:00',37),(88,'sandra.milena.perez@gmail.com','Inicio de mantenimiento — DeviceGuard','Su dispositivo \"Optoma W400LVe\" (Serial: SN-PRO-01038) ha iniciado proceso de mantenimiento. Le notificaremos cuando esté listo.','2026-04-28','13:41:00',38),(89,'sandra.milena.perez@gmail.com','Inicio de mantenimiento — DeviceGuard','Su dispositivo \"Lenovo ThinkPad E15\" (Serial: SN-POR-01075) ha iniciado proceso de mantenimiento. Le notificaremos cuando esté listo.','2026-04-28','13:07:00',38),(90,'sandra.milena.perez@gmail.com','Dispositivo en revisión — DeviceGuard','Su dispositivo \"Lenovo ThinkPad E15\" (Serial: SN-POR-01085) ha ingresado al sistema y se encuentra en revisión inicial.','2026-04-28','11:16:00',38),(91,'gloria.esperanza.ruiz@gmail.com','Mantenimiento finalizado — DeviceGuard','Su dispositivo \"HP Pavilion 15\" (Serial: SN-POR-01012) ha completado el mantenimiento y está listo para ser retirado.','2026-04-28','12:25:00',39),(92,'adriana.gomez@gmail.com','Dispositivo en revisión — DeviceGuard','Su dispositivo \"Lenovo ThinkStation P340\" (Serial: SN-COM-01036) ha ingresado al sistema y se encuentra en revisión inicial.','2026-04-28','17:01:00',41),(93,'adriana.gomez@gmail.com','Dispositivo entregado — DeviceGuard','Su dispositivo \"Dell OptiPlex 7090\" (Serial: SN-COM-01091) ha sido entregado correctamente. Gracias por confiar en DeviceGuard.','2026-04-28','15:42:00',41),(94,'roberto.carlos.suarez@gmail.com','Inicio de mantenimiento — DeviceGuard','Su dispositivo \"Epson PowerLite 118\" (Serial: SN-PRO-01016) ha iniciado proceso de mantenimiento. Le notificaremos cuando esté listo.','2026-04-28','12:15:00',42),(95,'andres.camilo.jimenez@gmail.com','Dispositivo en revisión — DeviceGuard','Su dispositivo \"BenQ MW550\" (Serial: SN-PRO-01043) ha ingresado al sistema y se encuentra en revisión inicial.','2026-04-28','08:15:00',43),(96,'andres.camilo.jimenez@gmail.com','Dispositivo en revisión — DeviceGuard','Su dispositivo \"Optoma HD143X\" (Serial: SN-PRO-01068) ha ingresado al sistema y se encuentra en revisión inicial.','2026-04-28','11:57:00',43),(97,'pablo.esteban.mendez@gmail.com','Inicio de mantenimiento — DeviceGuard','Su dispositivo \"Canon PIXMA G3160\" (Serial: SN-IMP-01015) ha iniciado proceso de mantenimiento. Le notificaremos cuando esté listo.','2026-04-28','07:35:00',44),(98,'pablo.esteban.mendez@gmail.com','Inicio de mantenimiento — DeviceGuard','Su dispositivo \"Canon imageCLASS MF445dw\" (Serial: SN-IMP-01055) ha iniciado proceso de mantenimiento. Le notificaremos cuando esté listo.','2026-04-28','14:08:00',44),(99,'pablo.esteban.mendez@gmail.com','Inicio de mantenimiento — DeviceGuard','Su dispositivo \"Asus VivoBook 15\" (Serial: SN-POR-01077) ha iniciado proceso de mantenimiento. Le notificaremos cuando esté listo.','2026-04-28','13:58:00',44),(100,'pablo.esteban.mendez@gmail.com','Dispositivo entregado — DeviceGuard','Su dispositivo \"Samsung S27A600\" (Serial: SN-PAN-01090) ha sido entregado correctamente. Gracias por confiar en DeviceGuard.','2026-04-28','17:24:00',44),(101,'gabriel.alejandro.mora@gmail.com','Inicio de mantenimiento — DeviceGuard','Su dispositivo \"Asus VivoBook 15\" (Serial: SN-POR-01070) ha iniciado proceso de mantenimiento. Le notificaremos cuando esté listo.','2026-04-28','11:17:00',45),(102,'gabriel.alejandro.mora@gmail.com','Dispositivo entregado — DeviceGuard','Su dispositivo \"Optoma W400LVe\" (Serial: SN-PRO-01088) ha sido entregado correctamente. Gracias por confiar en DeviceGuard.','2026-04-28','10:39:00',45),(103,'sergio.andres.pinto@gmail.com','Mantenimiento finalizado — DeviceGuard','Su dispositivo \"Epson WorkForce WF-2850\" (Serial: SN-IMP-01032) ha completado el mantenimiento y está listo para ser retirado.','2026-04-28','07:08:00',46),(104,'sergio.andres.pinto@gmail.com','Inicio de mantenimiento — DeviceGuard','Su dispositivo \"Epson EH-TW750\" (Serial: SN-PRO-01047) ha iniciado proceso de mantenimiento. Le notificaremos cuando esté listo.','2026-04-28','12:18:00',46),(105,'sergio.andres.pinto@gmail.com','Dispositivo en revisión — DeviceGuard','Su dispositivo \"Dell P2422H\" (Serial: SN-PAN-01054) ha ingresado al sistema y se encuentra en revisión inicial.','2026-04-28','09:55:00',46),(106,'sergio.andres.pinto@gmail.com','Dispositivo entregado — DeviceGuard','Su dispositivo \"Apple iPad Mini 6\" (Serial: SN-TAB-01086) ha sido entregado correctamente. Gracias por confiar en DeviceGuard.','2026-04-28','09:31:00',46),(107,'fernando.augusto.leon@gmail.com','Dispositivo en revisión — DeviceGuard','Su dispositivo \"Samsung Galaxy Tab S7\" (Serial: SN-TAB-01030) ha ingresado al sistema y se encuentra en revisión inicial.','2026-04-28','14:00:00',47),(108,'fernando.augusto.leon@gmail.com','Dispositivo entregado — DeviceGuard','Su dispositivo \"Apple MacBook Pro 13\" (Serial: SN-POR-01048) ha sido entregado correctamente. Gracias por confiar en DeviceGuard.','2026-04-28','15:07:00',47),(109,'gustavo.adolfo.rojas@gmail.com','Dispositivo entregado — DeviceGuard','Su dispositivo \"Samsung Galaxy Tab S6 Lite\" (Serial: SN-TAB-01034) ha sido entregado correctamente. Gracias por confiar en DeviceGuard.','2026-04-28','13:46:00',48),(110,'gustavo.adolfo.rojas@gmail.com','Inicio de mantenimiento — DeviceGuard','Su dispositivo \"HP ProBook 450\" (Serial: SN-POR-01073) ha iniciado proceso de mantenimiento. Le notificaremos cuando esté listo.','2026-04-28','10:12:00',48),(111,'gustavo.adolfo.rojas@gmail.com','Dispositivo entregado — DeviceGuard','Su dispositivo \"Epson L4260\" (Serial: SN-IMP-01076) ha sido entregado correctamente. Gracias por confiar en DeviceGuard.','2026-04-28','16:48:00',48),(112,'gustavo.adolfo.rojas@gmail.com','Dispositivo entregado — DeviceGuard','Su dispositivo \"Dell P2422H\" (Serial: SN-PAN-01099) ha sido entregado correctamente. Gracias por confiar en DeviceGuard.','2026-04-28','14:31:00',48),(113,'raul.eduardo.ospina@gmail.com','Inicio de mantenimiento — DeviceGuard','Su dispositivo \"HP EliteBook 840\" (Serial: SN-POR-01018) ha iniciado proceso de mantenimiento. Le notificaremos cuando esté listo.','2026-04-28','10:21:00',49),(114,'raul.eduardo.ospina@gmail.com','Inicio de mantenimiento — DeviceGuard','Su dispositivo \"BenQ MX550\" (Serial: SN-PRO-01033) ha iniciado proceso de mantenimiento. Le notificaremos cuando esté listo.','2026-04-28','12:20:00',49),(115,'raul.eduardo.ospina@gmail.com','Mantenimiento finalizado — DeviceGuard','Su dispositivo \"BenQ TH585\" (Serial: SN-PRO-01046) ha completado el mantenimiento y está listo para ser retirado.','2026-04-28','10:46:00',49),(116,'raul.eduardo.ospina@gmail.com','Inicio de mantenimiento — DeviceGuard','Su dispositivo \"Apple iPad 9na Gen\" (Serial: SN-TAB-01050) ha iniciado proceso de mantenimiento. Le notificaremos cuando esté listo.','2026-04-28','16:43:00',49),(117,'raul.eduardo.ospina@gmail.com','Dispositivo en revisión — DeviceGuard','Su dispositivo \"LG 27UK850-W\" (Serial: SN-PAN-01066) ha ingresado al sistema y se encuentra en revisión inicial.','2026-04-28','12:21:00',49),(118,'jaime.alberto.cardona@gmail.com','Dispositivo en revisión — DeviceGuard','Su dispositivo \"Dell OptiPlex 7090\" (Serial: SN-COM-01044) ha ingresado al sistema y se encuentra en revisión inicial.','2026-04-28','16:59:00',50),(119,'jaime.alberto.cardona@gmail.com','Inicio de mantenimiento — DeviceGuard','Su dispositivo \"HP DeskJet 2775\" (Serial: SN-IMP-01082) ha iniciado proceso de mantenimiento. Le notificaremos cuando esté listo.','2026-04-28','13:35:00',50),(120,'jaime.alberto.cardona@gmail.com','Dispositivo entregado — DeviceGuard','Su dispositivo \"HP Pavilion 15\" (Serial: SN-POR-01084) ha sido entregado correctamente. Gracias por confiar en DeviceGuard.','2026-04-28','08:34:00',50),(121,'jaime.alberto.cardona@gmail.com','Inicio de mantenimiento — DeviceGuard','Su dispositivo \"BenQ TH585\" (Serial: SN-PRO-01089) ha iniciado proceso de mantenimiento. Le notificaremos cuando esté listo.','2026-04-28','14:37:00',50),(122,'jaime.alberto.cardona@gmail.com','Dispositivo entregado — DeviceGuard','Su dispositivo \"Apple iPad Air 5\" (Serial: SN-TAB-01096) ha sido entregado correctamente. Gracias por confiar en DeviceGuard.','2026-04-28','12:51:00',50),(123,'jaime.alberto.cardona@gmail.com','Dispositivo entregado — DeviceGuard','Su dispositivo \"Lenovo ThinkBook 14\" (Serial: SN-POR-01097) ha sido entregado correctamente. Gracias por confiar en DeviceGuard.','2026-04-28','15:41:00',50),(124,'cesar.augusto.munoz@gmail.com','Mantenimiento finalizado — DeviceGuard','Su dispositivo \"BenQ MX550\" (Serial: SN-PRO-01017) ha completado el mantenimiento y está listo para ser retirado.','2026-04-28','10:43:00',51),(125,'luz.marina.salazar@gmail.com','Dispositivo entregado — DeviceGuard','Su dispositivo \"Apple MacBook Pro 14\" (Serial: SN-POR-01005) ha sido entregado correctamente. Gracias por confiar en DeviceGuard.','2026-04-28','17:59:00',52),(126,'luz.marina.salazar@gmail.com','Dispositivo entregado — DeviceGuard','Su dispositivo \"Optoma HD143X\" (Serial: SN-PRO-01059) ha sido entregado correctamente. Gracias por confiar en DeviceGuard.','2026-04-28','08:23:00',52),(127,'luz.marina.salazar@gmail.com','Dispositivo en revisión — DeviceGuard','Su dispositivo \"HP EliteDesk 800\" (Serial: SN-COM-01071) ha ingresado al sistema y se encuentra en revisión inicial.','2026-04-28','14:47:00',52),(128,'luz.marina.salazar@gmail.com','Dispositivo en revisión — DeviceGuard','Su dispositivo \"Samsung Galaxy Tab S6 Lite\" (Serial: SN-TAB-01094) ha ingresado al sistema y se encuentra en revisión inicial.','2026-04-28','08:43:00',52),(129,'martha.cecilia.acosta@gmail.com','Dispositivo entregado — DeviceGuard','Su dispositivo \"Canon imageCLASS MF445dw\" (Serial: SN-IMP-01023) ha sido entregado correctamente. Gracias por confiar en DeviceGuard.','2026-04-28','16:26:00',53),(130,'martha.cecilia.acosta@gmail.com','Dispositivo en revisión — DeviceGuard','Su dispositivo \"Apple iPad Mini 6\" (Serial: SN-TAB-01024) ha ingresado al sistema y se encuentra en revisión inicial.','2026-04-28','09:11:00',53),(131,'martha.cecilia.acosta@gmail.com','Dispositivo entregado — DeviceGuard','Su dispositivo \"HP EliteBook 840\" (Serial: SN-POR-01045) ha sido entregado correctamente. Gracias por confiar en DeviceGuard.','2026-04-28','07:07:00',53),(132,'rosa.elena.guerrero@gmail.com','Inicio de mantenimiento — DeviceGuard','Su dispositivo \"Apple MacBook Pro 13\" (Serial: SN-POR-01074) ha iniciado proceso de mantenimiento. Le notificaremos cuando esté listo.','2026-04-28','11:55:00',54),(133,'carmen.alicia.medina@gmail.com','Mantenimiento finalizado — DeviceGuard','Su dispositivo \"Lenovo Tab M8\" (Serial: SN-TAB-01039) ha completado el mantenimiento y está listo para ser retirado.','2026-04-28','14:00:00',55),(134,'carmen.alicia.medina@gmail.com','Mantenimiento finalizado — DeviceGuard','Su dispositivo \"Apple MacBook Pro 14\" (Serial: SN-POR-01058) ha completado el mantenimiento y está listo para ser retirado.','2026-04-28','11:20:00',55),(135,'esperanza.fuentes@gmail.com','Inicio de mantenimiento — DeviceGuard','Su dispositivo \"Dell Latitude 5520\" (Serial: SN-POR-01021) ha iniciado proceso de mantenimiento. Le notificaremos cuando esté listo.','2026-04-28','16:40:00',56),(136,'esperanza.fuentes@gmail.com','Dispositivo entregado — DeviceGuard','Su dispositivo \"LG 24MK430H\" (Serial: SN-PAN-01079) ha sido entregado correctamente. Gracias por confiar en DeviceGuard.','2026-04-28','15:23:00',56),(137,'jorge.luis.bermudez@gmail.com','Inicio de mantenimiento — DeviceGuard','Su dispositivo \"Samsung Galaxy Tab S7\" (Serial: SN-TAB-01004) ha iniciado proceso de mantenimiento. Le notificaremos cuando esté listo.','2026-04-28','13:56:00',57),(138,'jorge.luis.bermudez@gmail.com','Mantenimiento finalizado — DeviceGuard','Su dispositivo \"Apple MacBook Pro 13\" (Serial: SN-POR-01013) ha completado el mantenimiento y está listo para ser retirado.','2026-04-28','09:05:00',57),(139,'jorge.luis.bermudez@gmail.com','Inicio de mantenimiento — DeviceGuard','Su dispositivo \"HP ProBook 450\" (Serial: SN-POR-01061) ha iniciado proceso de mantenimiento. Le notificaremos cuando esté listo.','2026-04-28','17:15:00',57),(140,'manuel.antonio.rios@gmail.com','Dispositivo en revisión — DeviceGuard','Su dispositivo \"Epson EcoTank L3250\" (Serial: SN-IMP-01042) ha ingresado al sistema y se encuentra en revisión inicial.','2026-04-28','17:54:00',58),(141,'pedro.pablo.vargas@gmail.com','Inicio de mantenimiento — DeviceGuard','Su dispositivo \"HP ProBook 450\" (Serial: SN-POR-01008) ha iniciado proceso de mantenimiento. Le notificaremos cuando esté listo.','2026-04-28','12:04:00',59),(142,'pedro.pablo.vargas@gmail.com','Mantenimiento finalizado — DeviceGuard','Su dispositivo \"Dell Inspiron 15\" (Serial: SN-POR-01072) ha completado el mantenimiento y está listo para ser retirado.','2026-04-28','10:58:00',59),(143,'luis.carlos.herrera@gmail.com','Mantenimiento finalizado — DeviceGuard','Su dispositivo \"HP EliteBook 840\" (Serial: SN-POR-01002) ha completado el mantenimiento y está listo para ser retirado.','2026-04-28','12:13:00',60),(144,'luis.carlos.herrera@gmail.com','Inicio de mantenimiento — DeviceGuard','Su dispositivo \"Optoma W400LVe\" (Serial: SN-PRO-01003) ha iniciado proceso de mantenimiento. Le notificaremos cuando esté listo.','2026-04-28','15:27:00',60),(145,'jose.miguel.torres@gmail.com','Dispositivo en revisión — DeviceGuard','Su dispositivo \"Epson WorkForce WF-2850\" (Serial: SN-IMP-01025) ha ingresado al sistema y se encuentra en revisión inicial.','2026-04-28','12:46:00',61),(146,'jose.miguel.torres@gmail.com','Dispositivo en revisión — DeviceGuard','Su dispositivo \"HP ProBook 450\" (Serial: SN-POR-01069) ha ingresado al sistema y se encuentra en revisión inicial.','2026-04-28','14:46:00',61),(147,'jose.miguel.torres@gmail.com','Mantenimiento finalizado — DeviceGuard','Su dispositivo \"Dell OptiPlex 7090\" (Serial: SN-COM-01080) ha completado el mantenimiento y está listo para ser retirado.','2026-04-28','17:49:00',61),(148,'jose.miguel.torres@gmail.com','Inicio de mantenimiento — DeviceGuard','Su dispositivo \"Lenovo ThinkStation P340\" (Serial: SN-COM-01087) ha iniciado proceso de mantenimiento. Le notificaremos cuando esté listo.','2026-04-28','17:23:00',61),(149,'diana.carolina.ruiz@gmail.com','Dispositivo en revisión — DeviceGuard','Su dispositivo \"Lenovo Tab M10 Plus\" (Serial: SN-TAB-01014) ha ingresado al sistema y se encuentra en revisión inicial.','2026-04-28','17:34:00',62),(150,'leidy.johana.castillo@gmail.com','Inicio de mantenimiento — DeviceGuard','Su dispositivo \"BenQ MW550\" (Serial: SN-PRO-01007) ha iniciado proceso de mantenimiento. Le notificaremos cuando esté listo.','2026-04-28','16:53:00',64),(151,'leidy.johana.castillo@gmail.com','Dispositivo en revisión — DeviceGuard','Su dispositivo \"Samsung Galaxy Tab S7\" (Serial: SN-TAB-01083) ha ingresado al sistema y se encuentra en revisión inicial.','2026-04-28','16:49:00',64),(152,'fredy.alexander.mora@gmail.com','Mantenimiento finalizado — DeviceGuard','Su dispositivo \"HP DeskJet 2775\" (Serial: SN-IMP-01051) ha completado el mantenimiento y está listo para ser retirado.','2026-04-28','10:05:00',65),(153,'fredy.alexander.mora@gmail.com','Inicio de mantenimiento — DeviceGuard','Su dispositivo \"Samsung C27F396\" (Serial: SN-PAN-01100) ha iniciado proceso de mantenimiento. Le notificaremos cuando esté listo.','2026-04-28','15:11:00',65),(154,'Lema.lu039@gmail.com','Salida de dispositivo registrada — DeviceGuard','Dispositivo \"hp\" entregado','2026-04-28','01:13:00',66),(155,'Lema.lu039@gmail.com','Salida de dispositivo registrada — DeviceGuard','Dispositivo \"hp\" entregado','2026-04-28','06:10:00',66),(156,'Lema.lu039@gmail.com','Salida de dispositivo registrada — DeviceGuard','Dispositivo \"hp\" entregado','2026-04-28','06:11:00',66),(157,'Lema.lu039@gmail.com','Nuevo dispositivo registrado — DeviceGuard','Dispositivo \"dJAHKICA\" registrado en el sistema','2026-04-28','06:18:00',66),(158,'Lema.lu039@gmail.com','Salida de dispositivo registrada — DeviceGuard','Dispositivo \"hp\" entregado','2026-04-28','06:23:00',66),(159,'Lema.lu039@gmail.com','Salida de dispositivo registrada — DeviceGuard','Dispositivo \"hp\" entregado','2026-04-28','06:24:00',66),(160,'Lema.lu039@gmail.com','Salida de dispositivo registrada — DeviceGuard','Dispositivo \"hp\" entregado','2026-04-28','06:26:00',66),(161,'Lema.lu039@gmail.com','Nuevo dispositivo registrado — DeviceGuard','Dispositivo \"fa kfaf\" registrado en el sistema','2026-04-28','06:27:00',66),(162,'fredy.alexander.mora@gmail.com','Mantenimiento finalizado — DeviceGuard','Dispositivo \"Samsung C27F396\" listo para entrega','2026-04-28','07:31:00',65);
/*!40000 ALTER TABLE `correos` ENABLE KEYS */;
UNLOCK TABLES;

--
-- Table structure for table `dispositivos`
--

DROP TABLE IF EXISTS `dispositivos`;
/*!40101 SET @saved_cs_client     = @@character_set_client */;
/*!50503 SET character_set_client = utf8mb4 */;
CREATE TABLE `dispositivos` (
  `id` int NOT NULL AUTO_INCREMENT,
  `nombre` varchar(100) NOT NULL,
  `tipo` varchar(50) NOT NULL,
  `serial` varchar(100) NOT NULL,
  `marca` varchar(50) NOT NULL,
  `modelo` varchar(50) DEFAULT NULL,
  `ubicacion` varchar(100) DEFAULT NULL,
  `fecha_registro` timestamp NULL DEFAULT CURRENT_TIMESTAMP,
  `hora_registro` time DEFAULT NULL,
  `archivo` varchar(255) DEFAULT NULL,
  `fecha_salida` date DEFAULT NULL,
  `hora_salida` time DEFAULT NULL,
  `descripcion` text,
  `estado_id` int DEFAULT NULL,
  `usuario_id` int DEFAULT NULL,
  `activo` tinyint(1) DEFAULT '1',
  PRIMARY KEY (`id`),
  UNIQUE KEY `serial` (`serial`),
  KEY `fk_estado` (`estado_id`),
  KEY `fk_usuario` (`usuario_id`),
  CONSTRAINT `fk_estado` FOREIGN KEY (`estado_id`) REFERENCES `estados` (`id`),
  CONSTRAINT `fk_usuario` FOREIGN KEY (`usuario_id`) REFERENCES `usuarios` (`id`)
) ENGINE=InnoDB AUTO_INCREMENT=105 DEFAULT CHARSET=utf8mb4 COLLATE=utf8mb4_0900_ai_ci;
/*!40101 SET character_set_client = @saved_cs_client */;

--
-- Dumping data for table `dispositivos`
--

LOCK TABLES `dispositivos` WRITE;
/*!40000 ALTER TABLE `dispositivos` DISABLE KEYS */;
INSERT INTO `dispositivos` VALUES (1,'Apple MacBook Pro 13','Portatil','SN-POR-01001','Apple','MacBook Pro 13','Área de Diagnóstico','2026-04-28 00:35:11','07:12:04',NULL,'2026-05-03','10:26:34','Portátil Apple, cargador MagSafe incluido.',3,31,1),(2,'HP EliteBook 840','Portatil','SN-POR-01002','HP','EliteBook 840','Área de Diagnóstico','2026-04-28 00:35:11','10:26:29',NULL,'2026-04-29','09:17:02','Portátil corporativo, batería con desgaste moderado.',3,60,1),(3,'Optoma W400LVe','Proyector','SN-PRO-01003','Optoma','W400LVe','Taller Principal','2026-04-28 00:35:11','10:48:49',NULL,NULL,NULL,'Proyector Full HD, cable VGA y HDMI incluidos.',2,60,1),(4,'Samsung Galaxy Tab S7','Tablet','SN-TAB-01004','Samsung','Galaxy Tab S7','Área de Diagnóstico','2026-04-28 00:35:11','15:49:19',NULL,NULL,NULL,'Tablet Android, funda protectora incluida.',2,57,1),(5,'Apple MacBook Pro 14','Portatil','SN-POR-01005','Apple','MacBook Pro 14','Laboratorio Electrónico','2026-04-28 00:35:11','11:59:51',NULL,'2026-05-02','12:43:14','Portátil Apple, cargador MagSafe incluido.',4,52,1),(6,'Lenovo Tab P11','Tablet','SN-TAB-01006','Lenovo','Tab P11','Área de Ensamble','2026-04-28 00:35:11','07:59:39',NULL,NULL,NULL,'Tablet de uso educativo, pantalla en buen estado.',1,37,1),(7,'BenQ MW550','Proyector','SN-PRO-01007','BenQ','MW550','Bodega de Repuestos','2026-04-28 00:35:11','07:01:42',NULL,NULL,NULL,'Proyector DLP, control remoto incluido.',2,64,1),(8,'HP ProBook 450','Portatil','SN-POR-01008','HP','ProBook 450','Almacén General','2026-04-28 00:35:11','10:43:49',NULL,NULL,NULL,'Portátil corporativo, batería con desgaste moderado.',2,59,1),(9,'Lenovo IdeaCentre 3','Computadora','SN-COM-01009','Lenovo','IdeaCentre 3','Zona de Entrega','2026-04-28 00:35:11','17:28:38',NULL,'2026-05-01','13:12:30','Equipo de escritorio para uso en laboratorio.',4,36,1),(10,'Lenovo Tab P11','Tablet','SN-TAB-01010','Lenovo','Tab P11','Recepción Técnica','2026-04-28 00:35:11','16:53:41',NULL,NULL,NULL,'Tablet de uso educativo, pantalla en buen estado.',2,28,1),(11,'HP OfficeJet Pro 9015','Impresora','SN-IMP-01011','HP','OfficeJet Pro 9015','Área de Limpieza','2026-04-28 00:35:11','10:32:07',NULL,NULL,NULL,'Impresora láser, tóner al 60%.',2,29,1),(12,'HP Pavilion 15','Portatil','SN-POR-01012','HP','Pavilion 15','Área de Ensamble','2026-04-28 00:35:11','14:11:31',NULL,'2026-04-29','11:29:42','Portátil corporativo, batería con desgaste moderado.',3,39,1),(13,'Apple MacBook Pro 13','Portatil','SN-POR-01013','Apple','MacBook Pro 13','Área de Limpieza','2026-04-28 00:35:11','17:48:50',NULL,'2026-05-01','13:28:53','Portátil Apple, cargador MagSafe incluido.',3,57,1),(14,'Lenovo Tab M10 Plus','Tablet','SN-TAB-01014','Lenovo','Tab M10 Plus','Área de Limpieza','2026-04-28 00:35:11','14:49:53',NULL,NULL,NULL,'Tablet de uso educativo, pantalla en buen estado.',1,62,1),(15,'Canon PIXMA G3160','Impresora','SN-IMP-01015','Canon','PIXMA G3160','Taller Principal','2026-04-28 00:35:11','16:59:37',NULL,NULL,NULL,'Impresora multifuncional, escáner operativo.',2,44,1),(16,'Epson PowerLite 118','Proyector','SN-PRO-01016','Epson','PowerLite 118','Taller Principal','2026-04-28 00:35:11','13:06:45',NULL,NULL,NULL,'Proyector de aula, lámpara con 800 horas de uso.',2,42,1),(17,'BenQ MX550','Proyector','SN-PRO-01017','BenQ','MX550','Área de Limpieza','2026-04-28 00:35:11','14:40:12',NULL,'2026-05-01','09:44:13','Proyector DLP, control remoto incluido.',3,51,1),(18,'HP EliteBook 840','Portatil','SN-POR-01018','HP','EliteBook 840','Área de Ensamble','2026-04-28 00:35:11','16:44:08',NULL,NULL,NULL,'Portátil corporativo, batería con desgaste moderado.',2,49,1),(19,'Samsung S27A600','Pantalla','SN-PAN-01019','Samsung','S27A600','Sala de Pruebas','2026-04-28 00:35:11','09:15:00',NULL,'2026-04-29','16:00:54','Monitor con soporte ajustable, sin pixeles muertos.',4,27,1),(20,'Optoma W400LVe','Proyector','SN-PRO-01020','Optoma','W400LVe','Sala de Pruebas','2026-04-28 00:35:11','08:18:42',NULL,NULL,NULL,'Proyector Full HD, cable VGA y HDMI incluidos.',1,36,1),(21,'Dell Latitude 5520','Portatil','SN-POR-01021','Dell','Latitude 5520','Bodega de Repuestos','2026-04-28 00:35:11','12:06:03',NULL,NULL,NULL,'Portátil de uso administrativo, teclado en buen estado.',2,56,1),(22,'HP LaserJet Pro M404n','Impresora','SN-IMP-01022','HP','LaserJet Pro M404n','Área de Limpieza','2026-04-28 00:35:11','14:53:17',NULL,'2026-05-01','07:53:25','Impresora láser, tóner al 60%.',3,35,1),(23,'Canon imageCLASS MF445dw','Impresora','SN-IMP-01023','Canon','imageCLASS MF445dw','Sala de Pruebas','2026-04-28 00:35:11','11:43:37',NULL,'2026-04-30','17:46:27','Impresora multifuncional, escáner operativo.',4,53,1),(24,'Apple iPad Mini 6','Tablet','SN-TAB-01024','Apple','iPad Mini 6','Área de Ensamble','2026-04-28 00:35:11','07:50:43',NULL,NULL,NULL,'Tablet Apple, sin Apple Pencil.',1,53,1),(25,'Epson WorkForce WF-2850','Impresora','SN-IMP-01025','Epson','WorkForce WF-2850','Área de Ensamble','2026-04-28 00:35:11','09:18:11',NULL,NULL,NULL,'Impresora de tinta continua, tanques llenos.',1,61,1),(26,'LG 24MK430H','Pantalla','SN-PAN-01026','LG','24MK430H','Sala de Pruebas','2026-04-28 00:35:11','11:59:03',NULL,'2026-05-02','09:55:42','Monitor Full HD, cable HDMI incluido.',3,27,1),(27,'HP OfficeJet Pro 9015','Impresora','SN-IMP-01027','HP','OfficeJet Pro 9015','Zona de Entrega','2026-04-28 00:35:11','09:47:06',NULL,'2026-05-02','11:32:09','Impresora láser, tóner al 60%.',4,29,1),(28,'Samsung Galaxy Tab S6 Lite','Tablet','SN-TAB-01028','Samsung','Galaxy Tab S6 Lite','Área de Limpieza','2026-04-28 00:35:11','10:49:33',NULL,'2026-04-29','14:24:11','Tablet Android, funda protectora incluida.',3,32,1),(29,'Canon imageCLASS MF445dw','Impresora','SN-IMP-01029','Canon','imageCLASS MF445dw','Laboratorio Electrónico','2026-04-28 00:35:11','07:39:16',NULL,'2026-05-03','17:27:28','Impresora multifuncional, escáner operativo.',3,35,1),(30,'Samsung Galaxy Tab S7','Tablet','SN-TAB-01030','Samsung','Galaxy Tab S7','Sala de Pruebas','2026-04-28 00:35:12','11:10:24',NULL,NULL,NULL,'Tablet Android, funda protectora incluida.',1,47,1),(31,'Samsung C27F396','Pantalla','SN-PAN-01031','Samsung','C27F396','Taller Principal','2026-04-28 00:35:12','17:03:02',NULL,NULL,NULL,'Monitor con soporte ajustable, sin pixeles muertos.',2,30,1),(32,'Epson WorkForce WF-2850','Impresora','SN-IMP-01032','Epson','WorkForce WF-2850','Recepción Técnica','2026-04-28 00:35:12','13:44:50',NULL,'2026-04-30','12:16:03','Impresora de tinta continua, tanques llenos.',3,46,1),(33,'BenQ MX550','Proyector','SN-PRO-01033','BenQ','MX550','Almacén General','2026-04-28 00:35:12','10:24:15',NULL,NULL,NULL,'Proyector DLP, control remoto incluido.',2,49,1),(34,'Samsung Galaxy Tab S6 Lite','Tablet','SN-TAB-01034','Samsung','Galaxy Tab S6 Lite','Área de Diagnóstico','2026-04-28 00:35:12','09:37:08',NULL,'2026-05-01','16:27:16','Tablet Android, funda protectora incluida.',4,48,1),(35,'LG 27GL850-B','Pantalla','SN-PAN-01035','LG','27GL850-B','Laboratorio Electrónico','2026-04-28 00:35:12','14:59:50',NULL,'2026-04-29','16:51:22','Monitor Full HD, cable HDMI incluido.',4,28,1),(36,'Lenovo ThinkStation P340','Computadora','SN-COM-01036','Lenovo','ThinkStation P340','Área de Diagnóstico','2026-04-28 00:35:12','15:15:25',NULL,NULL,NULL,'Equipo de escritorio para uso en laboratorio.',1,41,1),(37,'Dell U2722D','Pantalla','SN-PAN-01037','Dell','U2722D','Área de Diagnóstico','2026-04-28 00:35:12','10:53:59',NULL,'2026-05-03','17:57:14','Monitor profesional, base con pivote.',3,33,1),(38,'Optoma W400LVe','Proyector','SN-PRO-01038','Optoma','W400LVe','Sala de Pruebas','2026-04-28 00:35:12','07:46:10',NULL,NULL,NULL,'Proyector Full HD, cable VGA y HDMI incluidos.',2,38,1),(39,'Lenovo Tab M8','Tablet','SN-TAB-01039','Lenovo','Tab M8','Sala de Pruebas','2026-04-28 00:35:12','17:29:14',NULL,'2026-04-29','10:20:59','Tablet de uso educativo, pantalla en buen estado.',3,55,1),(40,'Lenovo Tab P11','Tablet','SN-TAB-01040','Lenovo','Tab P11','Sala de Pruebas','2026-04-28 00:35:12','11:46:40',NULL,NULL,NULL,'Tablet de uso educativo, pantalla en buen estado.',1,34,1),(41,'Samsung Galaxy Tab A8','Tablet','SN-TAB-01041','Samsung','Galaxy Tab A8','Recepción Técnica','2026-04-28 00:35:12','08:51:18',NULL,'2026-04-29','12:34:15','Tablet Android, funda protectora incluida.',3,27,1),(42,'Epson EcoTank L3250','Impresora','SN-IMP-01042','Epson','EcoTank L3250','Laboratorio Electrónico','2026-04-28 00:35:12','07:48:22',NULL,NULL,NULL,'Impresora de tinta continua, tanques llenos.',1,58,1),(43,'BenQ MW550','Proyector','SN-PRO-01043','BenQ','MW550','Zona de Entrega','2026-04-28 00:35:12','15:20:52',NULL,NULL,NULL,'Proyector DLP, control remoto incluido.',1,43,1),(44,'Dell OptiPlex 7090','Computadora','SN-COM-01044','Dell','OptiPlex 7090','Área de Limpieza','2026-04-28 00:35:12','10:37:07',NULL,NULL,NULL,'PC de escritorio, incluye teclado y mouse.',1,50,1),(45,'HP EliteBook 840','Portatil','SN-POR-01045','HP','EliteBook 840','Área de Diagnóstico','2026-04-28 00:35:12','12:55:19',NULL,'2026-05-01','09:22:04','Portátil corporativo, batería con desgaste moderado.',4,53,1),(46,'BenQ TH585','Proyector','SN-PRO-01046','BenQ','TH585','Área de Ensamble','2026-04-28 00:35:12','11:01:34',NULL,'2026-04-29','11:57:42','Proyector DLP, control remoto incluido.',3,49,1),(47,'Epson EH-TW750','Proyector','SN-PRO-01047','Epson','EH-TW750','Sala de Pruebas','2026-04-28 00:35:12','13:23:23',NULL,NULL,NULL,'Proyector de aula, lámpara con 800 horas de uso.',2,46,1),(48,'Apple MacBook Pro 13','Portatil','SN-POR-01048','Apple','MacBook Pro 13','Almacén General','2026-04-28 00:35:12','08:52:34',NULL,'2026-05-02','09:23:32','Portátil Apple, cargador MagSafe incluido.',4,47,1),(49,'Apple iPad Mini 6','Tablet','SN-TAB-01049','Apple','iPad Mini 6','Taller Principal','2026-04-28 00:35:12','11:50:52',NULL,'2026-05-01','08:16:15','Tablet Apple, sin Apple Pencil.',3,29,1),(50,'Apple iPad 9na Gen','Tablet','SN-TAB-01050','Apple','iPad 9na Gen','Laboratorio Electrónico','2026-04-28 00:35:12','10:41:07',NULL,NULL,NULL,'Tablet Apple, sin Apple Pencil.',2,49,1),(51,'HP DeskJet 2775','Impresora','SN-IMP-01051','HP','DeskJet 2775','Laboratorio Electrónico','2026-04-28 00:35:12','08:54:44',NULL,'2026-05-01','08:41:24','Impresora láser, tóner al 60%.',3,65,1),(52,'Epson L4260','Impresora','SN-IMP-01052','Epson','L4260','Zona de Entrega','2026-04-28 00:35:12','07:19:16',NULL,NULL,NULL,'Impresora de tinta continua, tanques llenos.',1,34,1),(53,'Asus ExpertBook B1','Portatil','SN-POR-01053','Asus','ExpertBook B1','Taller Principal','2026-04-28 00:35:12','08:43:12',NULL,'2026-04-30','10:17:34','Portátil ligero, pantalla sin rayones.',3,27,1),(54,'Dell P2422H','Pantalla','SN-PAN-01054','Dell','P2422H','Almacén General','2026-04-28 00:35:12','08:43:01',NULL,NULL,NULL,'Monitor profesional, base con pivote.',1,46,1),(55,'Canon imageCLASS MF445dw','Impresora','SN-IMP-01055','Canon','imageCLASS MF445dw','Almacén General','2026-04-28 00:35:12','17:19:14',NULL,NULL,NULL,'Impresora multifuncional, escáner operativo.',2,44,1),(56,'Lenovo ThinkPad E15','Portatil','SN-POR-01056','Lenovo','ThinkPad E15','Bodega de Repuestos','2026-04-28 00:35:12','11:54:01',NULL,NULL,NULL,'Portátil robusto, bisagra con leve holgura.',1,28,1),(57,'Apple iPad Air 5','Tablet','SN-TAB-01057','Apple','iPad Air 5','Área de Limpieza','2026-04-28 00:35:12','09:15:43',NULL,NULL,NULL,'Tablet Apple, sin Apple Pencil.',1,31,1),(58,'Apple MacBook Pro 14','Portatil','SN-POR-01058','Apple','MacBook Pro 14','Área de Limpieza','2026-04-28 00:35:12','11:53:23',NULL,'2026-05-03','17:04:58','Portátil Apple, cargador MagSafe incluido.',3,55,1),(59,'Optoma HD143X','Proyector','SN-PRO-01059','Optoma','HD143X','Laboratorio Electrónico','2026-04-28 00:35:12','14:34:34',NULL,'2026-04-29','12:32:26','Proyector Full HD, cable VGA y HDMI incluidos.',4,52,1),(60,'Samsung Galaxy Tab S7','Tablet','SN-TAB-01060','Samsung','Galaxy Tab S7','Área de Diagnóstico','2026-04-28 00:35:12','08:50:10',NULL,'2026-04-29','10:18:55','Tablet Android, funda protectora incluida.',3,33,1),(61,'HP ProBook 450','Portatil','SN-POR-01061','HP','ProBook 450','Área de Ensamble','2026-04-28 00:35:12','11:53:43',NULL,NULL,NULL,'Portátil corporativo, batería con desgaste moderado.',2,57,1),(62,'Lenovo Tab P11','Tablet','SN-TAB-01062','Lenovo','Tab P11','Laboratorio Electrónico','2026-04-28 00:35:12','07:16:15',NULL,'2026-04-29','10:04:02','Tablet de uso educativo, pantalla en buen estado.',4,28,1),(63,'Lenovo ThinkCentre M70q','Computadora','SN-COM-01063','Lenovo','ThinkCentre M70q','Taller Principal','2026-04-28 00:35:12','13:04:25',NULL,NULL,NULL,'Equipo de escritorio para uso en laboratorio.',1,35,1),(64,'Samsung S24F350','Pantalla','SN-PAN-01064','Samsung','S24F350','Almacén General','2026-04-28 00:35:12','08:17:46',NULL,NULL,NULL,'Monitor con soporte ajustable, sin pixeles muertos.',2,36,1),(65,'Dell OptiPlex 3080','Computadora','SN-COM-01065','Dell','OptiPlex 3080','Taller Principal','2026-04-28 00:35:12','12:08:29',NULL,NULL,NULL,'PC de escritorio, incluye teclado y mouse.',2,36,1),(66,'LG 27UK850-W','Pantalla','SN-PAN-01066','LG','27UK850-W','Taller Principal','2026-04-28 00:35:12','15:19:23',NULL,NULL,NULL,'Monitor Full HD, cable HDMI incluido.',1,49,1),(67,'Asus ZenBook 14','Portatil','SN-POR-01067','Asus','ZenBook 14','Almacén General','2026-04-28 00:35:12','09:37:16',NULL,NULL,NULL,'Portátil ligero, pantalla sin rayones.',2,33,1),(68,'Optoma HD143X','Proyector','SN-PRO-01068','Optoma','HD143X','Área de Limpieza','2026-04-28 00:35:12','11:39:01',NULL,NULL,NULL,'Proyector Full HD, cable VGA y HDMI incluidos.',1,43,1),(69,'HP ProBook 450','Portatil','SN-POR-01069','HP','ProBook 450','Laboratorio Electrónico','2026-04-28 00:35:12','13:06:55',NULL,NULL,NULL,'Portátil corporativo, batería con desgaste moderado.',1,61,1),(70,'Asus VivoBook 15','Portatil','SN-POR-01070','Asus','VivoBook 15','Zona de Entrega','2026-04-28 00:35:12','14:29:37',NULL,NULL,NULL,'Portátil ligero, pantalla sin rayones.',2,45,1),(71,'HP EliteDesk 800','Computadora','SN-COM-01071','HP','EliteDesk 800','Almacén General','2026-04-28 00:35:12','13:45:00',NULL,NULL,NULL,'PC compacta, sin monitor asignado.',1,52,1),(72,'Dell Inspiron 15','Portatil','SN-POR-01072','Dell','Inspiron 15','Área de Limpieza','2026-04-28 00:35:12','15:43:52',NULL,'2026-05-01','16:58:45','Portátil de uso administrativo, teclado en buen estado.',3,59,1),(73,'HP ProBook 450','Portatil','SN-POR-01073','HP','ProBook 450','Recepción Técnica','2026-04-28 00:35:12','10:18:09',NULL,NULL,NULL,'Portátil corporativo, batería con desgaste moderado.',2,48,1),(74,'Apple MacBook Pro 13','Portatil','SN-POR-01074','Apple','MacBook Pro 13','Taller Principal','2026-04-28 00:35:12','09:23:52',NULL,NULL,NULL,'Portátil Apple, cargador MagSafe incluido.',2,54,1),(75,'Lenovo ThinkPad E15','Portatil','SN-POR-01075','Lenovo','ThinkPad E15','Laboratorio Electrónico','2026-04-28 00:35:12','16:58:14',NULL,NULL,NULL,'Portátil robusto, bisagra con leve holgura.',2,38,1),(76,'Epson L4260','Impresora','SN-IMP-01076','Epson','L4260','Área de Ensamble','2026-04-28 00:35:12','17:03:22',NULL,'2026-05-03','09:32:24','Impresora de tinta continua, tanques llenos.',4,48,1),(77,'Asus VivoBook 15','Portatil','SN-POR-01077','Asus','VivoBook 15','Laboratorio Electrónico','2026-04-28 00:35:12','15:00:11',NULL,NULL,NULL,'Portátil ligero, pantalla sin rayones.',2,44,1),(78,'Lenovo IdeaPad 3','Portatil','SN-POR-01078','Lenovo','IdeaPad 3','Almacén General','2026-04-28 00:35:12','08:54:01',NULL,'2026-05-01','15:24:36','Portátil robusto, bisagra con leve holgura.',4,31,1),(79,'LG 24MK430H','Pantalla','SN-PAN-01079','LG','24MK430H','Taller Principal','2026-04-28 00:35:12','11:35:08',NULL,'2026-05-02','10:02:04','Monitor Full HD, cable HDMI incluido.',4,56,1),(80,'Dell OptiPlex 7090','Computadora','SN-COM-01080','Dell','OptiPlex 7090','Recepción Técnica','2026-04-28 00:35:12','11:21:37',NULL,'2026-05-02','16:04:48','PC de escritorio, incluye teclado y mouse.',3,61,1),(81,'Optoma EH412','Proyector','SN-PRO-01081','Optoma','EH412','Bodega de Repuestos','2026-04-28 00:35:12','14:44:31',NULL,'2026-05-02','15:13:43','Proyector Full HD, cable VGA y HDMI incluidos.',3,30,1),(82,'HP DeskJet 2775','Impresora','SN-IMP-01082','HP','DeskJet 2775','Bodega de Repuestos','2026-04-28 00:35:12','10:18:02',NULL,NULL,NULL,'Impresora láser, tóner al 60%.',2,50,1),(83,'Samsung Galaxy Tab S7','Tablet','SN-TAB-01083','Samsung','Galaxy Tab S7','Sala de Pruebas','2026-04-28 00:35:12','16:52:02',NULL,NULL,NULL,'Tablet Android, funda protectora incluida.',1,64,1),(84,'HP Pavilion 15','Portatil','SN-POR-01084','HP','Pavilion 15','Área de Diagnóstico','2026-04-28 00:35:12','07:08:49',NULL,'2026-05-03','07:36:27','Portátil corporativo, batería con desgaste moderado.',4,50,1),(85,'Lenovo ThinkPad E15','Portatil','SN-POR-01085','Lenovo','ThinkPad E15','Área de Diagnóstico','2026-04-28 00:35:12','12:39:34',NULL,NULL,NULL,'Portátil robusto, bisagra con leve holgura.',1,38,1),(86,'Apple iPad Mini 6','Tablet','SN-TAB-01086','Apple','iPad Mini 6','Área de Diagnóstico','2026-04-28 00:35:12','11:08:09',NULL,'2026-04-30','08:34:36','Tablet Apple, sin Apple Pencil.',4,46,1),(87,'Lenovo ThinkStation P340','Computadora','SN-COM-01087','Lenovo','ThinkStation P340','Laboratorio Electrónico','2026-04-28 00:35:12','15:27:15',NULL,NULL,NULL,'Equipo de escritorio para uso en laboratorio.',2,61,1),(88,'Optoma W400LVe','Proyector','SN-PRO-01088','Optoma','W400LVe','Área de Limpieza','2026-04-28 00:35:12','08:15:52',NULL,'2026-04-30','16:54:48','Proyector Full HD, cable VGA y HDMI incluidos.',4,45,1),(89,'BenQ TH585','Proyector','SN-PRO-01089','BenQ','TH585','Área de Diagnóstico','2026-04-28 00:35:12','14:36:43',NULL,NULL,NULL,'Proyector DLP, control remoto incluido.',2,50,1),(90,'Samsung S27A600','Pantalla','SN-PAN-01090','Samsung','S27A600','Sala de Pruebas','2026-04-28 00:35:12','11:46:58',NULL,'2026-05-03','09:34:58','Monitor con soporte ajustable, sin pixeles muertos.',4,44,1),(91,'Dell OptiPlex 7090','Computadora','SN-COM-01091','Dell','OptiPlex 7090','Recepción Técnica','2026-04-28 00:35:12','12:40:52',NULL,'2026-05-01','10:42:44','PC de escritorio, incluye teclado y mouse.',4,41,1),(92,'Samsung S24F350','Pantalla','SN-PAN-01092','Samsung','S24F350','Zona de Entrega','2026-04-28 00:35:12','09:12:33',NULL,NULL,NULL,'Monitor con soporte ajustable, sin pixeles muertos.',1,34,1),(93,'Dell U2722D','Pantalla','SN-PAN-01093','Dell','U2722D','Área de Diagnóstico','2026-04-28 00:35:12','12:17:20',NULL,'2026-05-01','13:35:37','Monitor profesional, base con pivote.',4,28,1),(94,'Samsung Galaxy Tab S6 Lite','Tablet','SN-TAB-01094','Samsung','Galaxy Tab S6 Lite','Bodega de Repuestos','2026-04-28 00:35:12','17:03:14',NULL,NULL,NULL,'Tablet Android, funda protectora incluida.',1,52,1),(95,'Epson WorkForce WF-2850','Impresora','SN-IMP-01095','Epson','WorkForce WF-2850','Sala de Pruebas','2026-04-28 00:35:12','12:14:57',NULL,'2026-05-02','07:28:46','Impresora de tinta continua, tanques llenos.',4,29,1),(96,'Apple iPad Air 5','Tablet','SN-TAB-01096','Apple','iPad Air 5','Taller Principal','2026-04-28 00:35:12','15:04:37',NULL,'2026-04-30','11:20:48','Tablet Apple, sin Apple Pencil.',4,50,1),(97,'Lenovo ThinkBook 14','Portatil','SN-POR-01097','Lenovo','ThinkBook 14','Bodega de Repuestos','2026-04-28 00:35:12','10:22:55',NULL,'2026-05-01','09:24:09','Portátil robusto, bisagra con leve holgura.',4,50,1),(98,'Epson EB-X51','Proyector','SN-PRO-01098','Epson','EB-X51','Almacén General','2026-04-28 00:35:12','17:20:30',NULL,NULL,NULL,'Proyector de aula, lámpara con 800 horas de uso.',1,30,1),(99,'Dell P2422H','Pantalla','SN-PAN-01099','Dell','P2422H','Sala de Pruebas','2026-04-28 00:35:12','16:41:58',NULL,'2026-05-03','11:07:02','Monitor profesional, base con pivote.',4,48,0),(100,'Samsung C27F396','Pantalla','SN-PAN-01100','Samsung','C27F396','Almacén General','2026-04-28 00:35:12','09:15:30',NULL,'2026-04-28','07:31:00','Monitor con soporte ajustable, sin pixeles muertos.',3,65,1),(101,'Asus','portatil','6787687','Asus','Modelo Generico','Zona de Entrega','2026-04-28 05:00:00','13:18:10',NULL,NULL,NULL,'Sin descripcion disponible.',2,66,1),(102,'hp','portatil','87589','hp','Modelo Generico','Recepción Técnica','2026-04-28 05:00:00','06:26:00','[object Object]','2026-04-28','01:13:00','Sin descripcion disponible.',4,66,1),(103,'dJAHKICA','AN JMA','FJNHAJF','C AN CA',NULL,' CMJANC','2026-04-28 05:00:00','06:18:00','archivo-1777375081858-210526691.jpg',NULL,NULL,NULL,1,66,1),(104,'fa kfaf','fafafaf','fafa','faafa',NULL,'faafa','2026-04-28 05:00:00','06:27:00','archivo-1777375631752-924455333.webp',NULL,NULL,'vavvvvvvvvvvvvvvv',1,66,1);
/*!40000 ALTER TABLE `dispositivos` ENABLE KEYS */;
UNLOCK TABLES;

--
-- Table structure for table `estados`
--

DROP TABLE IF EXISTS `estados`;
/*!40101 SET @saved_cs_client     = @@character_set_client */;
/*!50503 SET character_set_client = utf8mb4 */;
CREATE TABLE `estados` (
  `id` int NOT NULL AUTO_INCREMENT,
  `nombre` varchar(50) NOT NULL,
  PRIMARY KEY (`id`)
) ENGINE=InnoDB AUTO_INCREMENT=9 DEFAULT CHARSET=utf8mb4 COLLATE=utf8mb4_0900_ai_ci;
/*!40101 SET character_set_client = @saved_cs_client */;

--
-- Dumping data for table `estados`
--

LOCK TABLES `estados` WRITE;
/*!40000 ALTER TABLE `estados` DISABLE KEYS */;
INSERT INTO `estados` VALUES (1,'En Revision'),(2,'En Mantenimiento'),(3,'Listo para Entrega'),(4,'Entregado'),(5,''),(6,''),(7,''),(8,'');
/*!40000 ALTER TABLE `estados` ENABLE KEYS */;
UNLOCK TABLES;

--
-- Table structure for table `historial_dispositivos`
--

DROP TABLE IF EXISTS `historial_dispositivos`;
/*!40101 SET @saved_cs_client     = @@character_set_client */;
/*!50503 SET character_set_client = utf8mb4 */;
CREATE TABLE `historial_dispositivos` (
  `id` int NOT NULL AUTO_INCREMENT,
  `id_dispositivo` int NOT NULL,
  `observacion` text NOT NULL,
  `fecha` datetime DEFAULT CURRENT_TIMESTAMP,
  `usuario_responsable` varchar(100) DEFAULT NULL,
  PRIMARY KEY (`id`),
  KEY `id_dispositivo` (`id_dispositivo`),
  CONSTRAINT `historial_dispositivos_ibfk_1` FOREIGN KEY (`id_dispositivo`) REFERENCES `dispositivos` (`id`) ON DELETE CASCADE
) ENGINE=InnoDB DEFAULT CHARSET=utf8mb4 COLLATE=utf8mb4_0900_ai_ci;
/*!40101 SET character_set_client = @saved_cs_client */;

--
-- Dumping data for table `historial_dispositivos`
--

LOCK TABLES `historial_dispositivos` WRITE;
/*!40000 ALTER TABLE `historial_dispositivos` DISABLE KEYS */;
/*!40000 ALTER TABLE `historial_dispositivos` ENABLE KEYS */;
UNLOCK TABLES;

--
-- Table structure for table `mantenimiento`
--

DROP TABLE IF EXISTS `mantenimiento`;
/*!40101 SET @saved_cs_client     = @@character_set_client */;
/*!50503 SET character_set_client = utf8mb4 */;
CREATE TABLE `mantenimiento` (
  `id` int NOT NULL AUTO_INCREMENT,
  `dispositivo_id` int NOT NULL,
  `fecha` datetime DEFAULT CURRENT_TIMESTAMP,
  `descripcion` text NOT NULL,
  `estado_mantenimiento` enum('Pendiente','En Proceso','Completado','Cancelado') NOT NULL,
  `tecnico_id` int DEFAULT NULL,
  PRIMARY KEY (`id`),
  KEY `dispositivo_id` (`dispositivo_id`),
  KEY `fk_tecnico` (`tecnico_id`),
  CONSTRAINT `fk_tecnico` FOREIGN KEY (`tecnico_id`) REFERENCES `usuarios` (`id`),
  CONSTRAINT `mantenimiento_ibfk_1` FOREIGN KEY (`dispositivo_id`) REFERENCES `dispositivos` (`id`) ON DELETE CASCADE
) ENGINE=InnoDB AUTO_INCREMENT=71 DEFAULT CHARSET=utf8mb4 COLLATE=utf8mb4_0900_ai_ci;
/*!40101 SET character_set_client = @saved_cs_client */;

--
-- Dumping data for table `mantenimiento`
--

LOCK TABLES `mantenimiento` WRITE;
/*!40000 ALTER TABLE `mantenimiento` DISABLE KEYS */;
INSERT INTO `mantenimiento` VALUES (1,74,'2026-04-27 19:35:12','Mantenimiento del dispositivo 74 - revision general','Pendiente',14),(2,3,'2026-04-27 19:35:12','Mantenimiento del dispositivo 3 - revision general','Completado',21),(3,12,'2026-04-27 19:35:12','Mantenimiento del dispositivo 12 - revision general','Cancelado',17),(4,70,'2026-04-27 19:35:12','Mantenimiento del dispositivo 70 - revision general','En Proceso',3),(5,77,'2026-04-27 19:35:12','Mantenimiento del dispositivo 77 - revision general','En Proceso',4),(6,98,'2026-04-27 19:35:12','Mantenimiento del dispositivo 98 - revision general','En Proceso',8),(7,59,'2026-04-27 19:35:12','Mantenimiento del dispositivo 59 - revision general','Pendiente',15),(8,77,'2026-04-27 19:35:12','Mantenimiento del dispositivo 77 - revision general','Pendiente',17),(9,66,'2026-04-27 19:35:12','Mantenimiento del dispositivo 66 - revision general','En Proceso',16),(10,47,'2026-04-27 19:35:12','Mantenimiento del dispositivo 47 - revision general','Completado',9),(11,49,'2026-04-27 19:35:12','Mantenimiento del dispositivo 49 - revision general','En Proceso',13),(12,60,'2026-04-27 19:35:12','Mantenimiento del dispositivo 60 - revision general','Cancelado',18),(13,16,'2026-04-27 19:35:12','Mantenimiento del dispositivo 16 - revision general','Pendiente',21),(14,57,'2026-04-27 19:35:12','Mantenimiento del dispositivo 57 - revision general','Completado',19),(15,1,'2026-04-27 19:35:12','Mantenimiento del dispositivo 1 - revision general','Completado',24),(16,92,'2026-04-27 19:35:12','Mantenimiento del dispositivo 92 - revision general','Pendiente',20),(17,8,'2026-04-27 19:35:12','Mantenimiento del dispositivo 8 - revision general','Completado',13),(18,96,'2026-04-27 19:35:12','Mantenimiento del dispositivo 96 - revision general','Cancelado',7),(19,44,'2026-04-27 19:35:12','Mantenimiento del dispositivo 44 - revision general','En Proceso',26),(20,96,'2026-04-27 19:35:12','Mantenimiento del dispositivo 96 - revision general','En Proceso',15),(21,85,'2026-04-27 19:35:12','Mantenimiento del dispositivo 85 - revision general','Cancelado',16),(22,53,'2026-04-27 19:35:12','Mantenimiento del dispositivo 53 - revision general','Completado',20),(23,68,'2026-04-27 19:35:12','Mantenimiento del dispositivo 68 - revision general','Completado',15),(24,68,'2026-04-27 19:35:12','Mantenimiento del dispositivo 68 - revision general','Completado',6),(25,3,'2026-04-27 19:35:12','Mantenimiento del dispositivo 3 - revision general','Pendiente',3),(26,58,'2026-04-27 19:35:12','Mantenimiento del dispositivo 58 - revision general','Cancelado',6),(27,79,'2026-04-27 19:35:12','Mantenimiento del dispositivo 79 - revision general','Cancelado',19),(28,73,'2026-04-27 19:35:12','Mantenimiento del dispositivo 73 - revision general','Pendiente',10),(29,100,'2026-04-27 19:35:12','Mantenimiento del dispositivo 100 - revision general','Pendiente',24),(30,79,'2026-04-27 19:35:12','Mantenimiento del dispositivo 79 - revision general','Completado',26),(31,28,'2026-04-27 19:35:12','Mantenimiento del dispositivo 28 - revision general','En Proceso',15),(32,34,'2026-04-27 19:35:12','Mantenimiento del dispositivo 34 - revision general','Completado',15),(33,82,'2026-04-27 19:35:12','Mantenimiento del dispositivo 82 - revision general','En Proceso',14),(34,54,'2026-04-27 19:35:12','Mantenimiento del dispositivo 54 - revision general','Pendiente',15),(35,73,'2026-04-27 19:35:12','Mantenimiento del dispositivo 73 - revision general','Cancelado',13),(36,43,'2026-04-27 19:35:12','Mantenimiento del dispositivo 43 - revision general','Pendiente',5),(37,96,'2026-04-27 19:35:12','Mantenimiento del dispositivo 96 - revision general','Pendiente',19),(38,19,'2026-04-27 19:35:12','Mantenimiento del dispositivo 19 - revision general','Completado',7),(39,53,'2026-04-27 19:35:12','Mantenimiento del dispositivo 53 - revision general','Cancelado',9),(40,82,'2026-04-27 19:35:12','Mantenimiento del dispositivo 82 - revision general','Pendiente',25),(41,7,'2026-04-27 19:35:12','Mantenimiento del dispositivo 7 - revision general','Pendiente',6),(42,52,'2026-04-27 19:35:12','Mantenimiento del dispositivo 52 - revision general','Pendiente',22),(43,83,'2026-04-27 19:35:12','Mantenimiento del dispositivo 83 - revision general','Cancelado',13),(44,96,'2026-04-27 19:35:12','Mantenimiento del dispositivo 96 - revision general','Cancelado',2),(45,78,'2026-04-27 19:35:12','Mantenimiento del dispositivo 78 - revision general','En Proceso',21),(46,42,'2026-04-27 19:35:12','Mantenimiento del dispositivo 42 - revision general','Pendiente',25),(47,38,'2026-04-27 19:35:12','Mantenimiento del dispositivo 38 - revision general','Pendiente',7),(48,58,'2026-04-27 19:35:12','Mantenimiento del dispositivo 58 - revision general','Completado',3),(49,93,'2026-04-27 19:35:12','Mantenimiento del dispositivo 93 - revision general','Completado',24),(50,12,'2026-04-27 19:35:12','Mantenimiento del dispositivo 12 - revision general','Cancelado',19),(51,19,'2026-04-27 19:35:12','Mantenimiento del dispositivo 19 - revision general','Completado',14),(52,71,'2026-04-27 19:35:12','Mantenimiento del dispositivo 71 - revision general','Pendiente',4),(53,21,'2026-04-27 19:35:12','Mantenimiento del dispositivo 21 - revision general','Cancelado',13),(54,65,'2026-04-27 19:35:12','Mantenimiento del dispositivo 65 - revision general','Completado',20),(55,77,'2026-04-27 19:35:12','Mantenimiento del dispositivo 77 - revision general','En Proceso',19),(56,74,'2026-04-27 19:35:12','Mantenimiento del dispositivo 74 - revision general','Cancelado',10),(57,58,'2026-04-27 19:35:12','Mantenimiento del dispositivo 58 - revision general','Pendiente',21),(58,89,'2026-04-27 19:35:12','Mantenimiento del dispositivo 89 - revision general','Pendiente',11),(59,63,'2026-04-27 19:35:12','Mantenimiento del dispositivo 63 - revision general','En Proceso',12),(60,76,'2026-04-27 19:35:12','Mantenimiento del dispositivo 76 - revision general','Pendiente',23),(61,102,'2026-04-27 21:25:20','Inicio de mantenimiento','En Proceso',1),(62,101,'2026-04-27 21:52:29','Inicio de mantenimiento','En Proceso',1),(63,102,'2026-04-27 21:53:34','Mantenimiento completado - listo para entrega','Completado',1),(64,102,'2026-04-28 01:13:21','Dispositivo entregado al cliente','Completado',1),(65,102,'2026-04-28 06:10:22','Dispositivo entregado al cliente','Completado',66),(66,102,'2026-04-28 06:11:15','Dispositivo entregado al cliente','Completado',66),(67,102,'2026-04-28 06:23:45','Dispositivo entregado al cliente','Completado',66),(68,102,'2026-04-28 06:24:41','Dispositivo entregado al cliente','Completado',66),(69,102,'2026-04-28 06:26:28','Dispositivo entregado al cliente','Completado',66),(70,100,'2026-04-28 07:31:29','Mantenimiento completado - listo para entrega','Completado',2);
/*!40000 ALTER TABLE `mantenimiento` ENABLE KEYS */;
UNLOCK TABLES;

--
-- Table structure for table `mensajes_internos`
--

DROP TABLE IF EXISTS `mensajes_internos`;
/*!40101 SET @saved_cs_client     = @@character_set_client */;
/*!50503 SET character_set_client = utf8mb4 */;
CREATE TABLE `mensajes_internos` (
  `id` int NOT NULL AUTO_INCREMENT,
  `remitente_id` int NOT NULL,
  `destinatario_id` int NOT NULL,
  `mensaje` text NOT NULL,
  `leido` tinyint(1) DEFAULT '0',
  `created_at` timestamp NULL DEFAULT CURRENT_TIMESTAMP,
  PRIMARY KEY (`id`),
  KEY `remitente_id` (`remitente_id`),
  KEY `destinatario_id` (`destinatario_id`),
  CONSTRAINT `mensajes_internos_ibfk_1` FOREIGN KEY (`remitente_id`) REFERENCES `usuarios` (`id`) ON DELETE CASCADE,
  CONSTRAINT `mensajes_internos_ibfk_2` FOREIGN KEY (`destinatario_id`) REFERENCES `usuarios` (`id`) ON DELETE CASCADE
) ENGINE=InnoDB AUTO_INCREMENT=16 DEFAULT CHARSET=utf8mb4 COLLATE=utf8mb4_0900_ai_ci;
/*!40101 SET character_set_client = @saved_cs_client */;

--
-- Dumping data for table `mensajes_internos`
--

LOCK TABLES `mensajes_internos` WRITE;
/*!40000 ALTER TABLE `mensajes_internos` DISABLE KEYS */;
/*!40000 ALTER TABLE `mensajes_internos` ENABLE KEYS */;
UNLOCK TABLES;

--
-- Table structure for table `prestamos`
--

DROP TABLE IF EXISTS `prestamos`;
/*!40101 SET @saved_cs_client     = @@character_set_client */;
/*!50503 SET character_set_client = utf8mb4 */;
CREATE TABLE `prestamos` (
  `id` int NOT NULL AUTO_INCREMENT,
  `usuario_id` int NOT NULL,
  `dispositivo_id` int NOT NULL,
  `fecha_prestamo` datetime DEFAULT CURRENT_TIMESTAMP,
  `fecha_devolucion` datetime DEFAULT NULL,
  `estado_prestamo` enum('Activo','Devuelto','Atrasado') DEFAULT 'Activo',
  PRIMARY KEY (`id`),
  KEY `usuario_id` (`usuario_id`),
  KEY `dispositivo_id` (`dispositivo_id`),
  CONSTRAINT `prestamos_ibfk_1` FOREIGN KEY (`usuario_id`) REFERENCES `usuarios` (`id`) ON DELETE CASCADE,
  CONSTRAINT `prestamos_ibfk_2` FOREIGN KEY (`dispositivo_id`) REFERENCES `dispositivos` (`id`) ON DELETE CASCADE
) ENGINE=InnoDB AUTO_INCREMENT=2 DEFAULT CHARSET=utf8mb4 COLLATE=utf8mb4_0900_ai_ci;
/*!40101 SET character_set_client = @saved_cs_client */;

--
-- Dumping data for table `prestamos`
--

LOCK TABLES `prestamos` WRITE;
/*!40000 ALTER TABLE `prestamos` DISABLE KEYS */;
/*!40000 ALTER TABLE `prestamos` ENABLE KEYS */;
UNLOCK TABLES;

--
-- Table structure for table `reportes`
--

DROP TABLE IF EXISTS `reportes`;
/*!40101 SET @saved_cs_client     = @@character_set_client */;
/*!50503 SET character_set_client = utf8mb4 */;
CREATE TABLE `reportes` (
  `id` int NOT NULL AUTO_INCREMENT,
  `tipo` enum('pdf','excel') NOT NULL,
  `fecha` datetime DEFAULT CURRENT_TIMESTAMP,
  `usuario_id` int DEFAULT NULL,
  `modulo` varchar(50) DEFAULT NULL,
  PRIMARY KEY (`id`),
  KEY `fk_reportes_usuario` (`usuario_id`),
  CONSTRAINT `fk_reportes_usuario` FOREIGN KEY (`usuario_id`) REFERENCES `usuarios` (`id`)
) ENGINE=InnoDB AUTO_INCREMENT=6 DEFAULT CHARSET=utf8mb4 COLLATE=utf8mb4_0900_ai_ci;
/*!40101 SET character_set_client = @saved_cs_client */;

--
-- Dumping data for table `reportes`
--

LOCK TABLES `reportes` WRITE;
/*!40000 ALTER TABLE `reportes` DISABLE KEYS */;
INSERT INTO `reportes` VALUES (1,'excel','2026-04-28 21:16:39',1,'usuarios'),(2,'pdf','2026-04-28 21:18:02',1,'usuarios'),(3,'excel','2026-04-28 22:44:00',1,'usuarios'),(4,'excel','2026-04-28 23:00:01',1,'dispositivos'),(5,'pdf','2026-04-29 17:35:49',12,'usuarios');
/*!40000 ALTER TABLE `reportes` ENABLE KEYS */;
UNLOCK TABLES;

--
-- Table structure for table `usuarios`
--

DROP TABLE IF EXISTS `usuarios`;
/*!40101 SET @saved_cs_client     = @@character_set_client */;
/*!50503 SET character_set_client = utf8mb4 */;
CREATE TABLE `usuarios` (
  `id` int NOT NULL AUTO_INCREMENT,
  `nombre` varchar(100) NOT NULL,
  `correo` varchar(100) NOT NULL,
  `contrasena` varchar(255) NOT NULL,
  `rol` enum('super_admin','tecnico','usuario') NOT NULL,
  `fecha_creacion` timestamp NULL DEFAULT CURRENT_TIMESTAMP,
  `reset_token` varchar(255) DEFAULT NULL,
  `reset_token_expires` datetime DEFAULT NULL,
  `activo` tinyint(1) DEFAULT '1',
  PRIMARY KEY (`id`),
  UNIQUE KEY `correo` (`correo`)
) ENGINE=InnoDB AUTO_INCREMENT=67 DEFAULT CHARSET=utf8mb4 COLLATE=utf8mb4_0900_ai_ci;
/*!40101 SET character_set_client = @saved_cs_client */;

--
-- Dumping data for table `usuarios`
--

LOCK TABLES `usuarios` WRITE;
/*!40000 ALTER TABLE `usuarios` DISABLE KEYS */;
INSERT INTO `usuarios` VALUES (1,'Andres Morales','andres.morales@deviceguard.com','$2b$10$LjZ1AYEEdZvOtf5qwwDUEuohzB7BKUSymVk9pTCaUcoiYLzKxkZu2','super_admin','2026-04-28 00:35:11',NULL,NULL,1),(2,'Carlos Ramirez','carlos.ramirez@deviceguard.com','$2b$10$LjZ1AYEEdZvOtf5qwwDUEuohzB7BKUSymVk9pTCaUcoiYLzKxkZu2','tecnico','2026-04-28 00:35:11',NULL,NULL,1),(3,'Luis Fernando Perez','luis.fernando.perez@deviceguard.com','$2b$10$LjZ1AYEEdZvOtf5qwwDUEuohzB7BKUSymVk9pTCaUcoiYLzKxkZu2','tecnico','2026-04-28 00:35:11',NULL,NULL,1),(4,'Jorge Andres Torres','jorge.andres.torres@deviceguard.com','$2b$10$LjZ1AYEEdZvOtf5qwwDUEuohzB7BKUSymVk9pTCaUcoiYLzKxkZu2','tecnico','2026-04-28 00:35:11',NULL,NULL,1),(5,'Miguel Angel Vargas','miguel.angel.vargas@deviceguard.com','$2b$10$LjZ1AYEEdZvOtf5qwwDUEuohzB7BKUSymVk9pTCaUcoiYLzKxkZu2','tecnico','2026-04-28 00:35:11',NULL,NULL,1),(6,'David Hernandez','david.hernandez@deviceguard.com','$2b$10$LjZ1AYEEdZvOtf5qwwDUEuohzB7BKUSymVk9pTCaUcoiYLzKxkZu2','tecnico','2026-04-28 00:35:11',NULL,NULL,1),(7,'Sebastian Gomez','sebastian.gomez@deviceguard.com','$2b$10$LjZ1AYEEdZvOtf5qwwDUEuohzB7BKUSymVk9pTCaUcoiYLzKxkZu2','tecnico','2026-04-28 00:35:11',NULL,NULL,1),(8,'Felipe Castillo','felipe.castillo@deviceguard.com','$2b$10$LjZ1AYEEdZvOtf5qwwDUEuohzB7BKUSymVk9pTCaUcoiYLzKxkZu2','tecnico','2026-04-28 00:35:11',NULL,NULL,1),(9,'Alejandro Rios','alejandro.rios@deviceguard.com','$2b$10$LjZ1AYEEdZvOtf5qwwDUEuohzB7BKUSymVk9pTCaUcoiYLzKxkZu2','tecnico','2026-04-28 00:35:11',NULL,NULL,1),(10,'Juan Pablo Mendez','juan.pablo.mendez@deviceguard.com','$2b$10$LjZ1AYEEdZvOtf5qwwDUEuohzB7BKUSymVk9pTCaUcoiYLzKxkZu2','tecnico','2026-04-28 00:35:11',NULL,NULL,1),(11,'Nicolas Salazar','nicolas.salazar@deviceguard.com','$2b$10$LjZ1AYEEdZvOtf5qwwDUEuohzB7BKUSymVk9pTCaUcoiYLzKxkZu2','tecnico','2026-04-28 00:35:11',NULL,NULL,1),(12,'Andres Felipe Ruiz','andres.felipe.ruiz@deviceguard.com','$2b$10$LjZ1AYEEdZvOtf5qwwDUEuohzB7BKUSymVk9pTCaUcoiYLzKxkZu2','tecnico','2026-04-28 00:35:11',NULL,NULL,1),(13,'Diego Alejandro Mora','diego.alejandro.mora@deviceguard.com','$2b$10$LjZ1AYEEdZvOtf5qwwDUEuohzB7BKUSymVk9pTCaUcoiYLzKxkZu2','tecnico','2026-04-28 00:35:11',NULL,NULL,1),(14,'Camilo Suarez','camilo.suarez@deviceguard.com','$2b$10$LjZ1AYEEdZvOtf5qwwDUEuohzB7BKUSymVk9pTCaUcoiYLzKxkZu2','tecnico','2026-04-28 00:35:11',NULL,NULL,1),(15,'Santiago Jimenez','santiago.jimenez@deviceguard.com','$2b$10$LjZ1AYEEdZvOtf5qwwDUEuohzB7BKUSymVk9pTCaUcoiYLzKxkZu2','tecnico','2026-04-28 00:35:11',NULL,NULL,1),(16,'Ivan Dario Ospina','ivan.dario.ospina@deviceguard.com','$2b$10$LjZ1AYEEdZvOtf5qwwDUEuohzB7BKUSymVk9pTCaUcoiYLzKxkZu2','tecnico','2026-04-28 00:35:11',NULL,NULL,1),(17,'Cristian Muñoz','cristian.munoz@deviceguard.com','$2b$10$LjZ1AYEEdZvOtf5qwwDUEuohzB7BKUSymVk9pTCaUcoiYLzKxkZu2','tecnico','2026-04-28 00:35:11',NULL,NULL,1),(18,'Fabian Cardona','fabian.cardona@deviceguard.com','$2b$10$LjZ1AYEEdZvOtf5qwwDUEuohzB7BKUSymVk9pTCaUcoiYLzKxkZu2','tecnico','2026-04-28 00:35:11',NULL,NULL,1),(19,'Esteban Guerrero','esteban.guerrero@deviceguard.com','$2b$10$LjZ1AYEEdZvOtf5qwwDUEuohzB7BKUSymVk9pTCaUcoiYLzKxkZu2','tecnico','2026-04-28 00:35:11',NULL,NULL,1),(20,'Mauricio Pinto','mauricio.pinto@deviceguard.com','$2b$10$LjZ1AYEEdZvOtf5qwwDUEuohzB7BKUSymVk9pTCaUcoiYLzKxkZu2','tecnico','2026-04-28 00:35:11',NULL,NULL,1),(21,'Ricardo Leon','ricardo.leon@deviceguard.com','$2b$10$LjZ1AYEEdZvOtf5qwwDUEuohzB7BKUSymVk9pTCaUcoiYLzKxkZu2','tecnico','2026-04-28 00:35:11',NULL,NULL,1),(22,'Hector Bermudez','hector.bermudez@deviceguard.com','$2b$10$LjZ1AYEEdZvOtf5qwwDUEuohzB7BKUSymVk9pTCaUcoiYLzKxkZu2','tecnico','2026-04-28 00:35:11',NULL,NULL,1),(23,'Oscar Medina','oscar.medina@deviceguard.com','$2b$10$LjZ1AYEEdZvOtf5qwwDUEuohzB7BKUSymVk9pTCaUcoiYLzKxkZu2','tecnico','2026-04-28 00:35:11',NULL,NULL,1),(24,'Jhon Jairo Acosta','jhon.jairo.acosta@deviceguard.com','$2b$10$LjZ1AYEEdZvOtf5qwwDUEuohzB7BKUSymVk9pTCaUcoiYLzKxkZu2','tecnico','2026-04-28 00:35:11',NULL,NULL,1),(25,'William Rojas','william.rojas@deviceguard.com','$2b$10$LjZ1AYEEdZvOtf5qwwDUEuohzB7BKUSymVk9pTCaUcoiYLzKxkZu2','tecnico','2026-04-28 00:35:11',NULL,NULL,1),(26,'Ernesto Fuentes','ernesto.fuentes@deviceguard.com','$2b$10$LjZ1AYEEdZvOtf5qwwDUEuohzB7BKUSymVk9pTCaUcoiYLzKxkZu2','tecnico','2026-04-28 00:35:11',NULL,NULL,1),(27,'Maria Fernanda Lopez','maria.fernanda.lopez@gmail.com','$2b$10$LjZ1AYEEdZvOtf5qwwDUEuohzB7BKUSymVk9pTCaUcoiYLzKxkZu2','usuario','2026-04-28 00:35:11',NULL,NULL,1),(28,'Ana Sofia Martinez','ana.sofia.martinez@gmail.com','$2b$10$LjZ1AYEEdZvOtf5qwwDUEuohzB7BKUSymVk9pTCaUcoiYLzKxkZu2','usuario','2026-04-28 00:35:11',NULL,NULL,1),(29,'Laura Valentina Cruz','laura.valentina.cruz@gmail.com','$2b$10$LjZ1AYEEdZvOtf5qwwDUEuohzB7BKUSymVk9pTCaUcoiYLzKxkZu2','usuario','2026-04-28 00:35:11',NULL,NULL,1),(30,'Daniela Paola Herrera','daniela.paola.herrera@gmail.com','$2b$10$LjZ1AYEEdZvOtf5qwwDUEuohzB7BKUSymVk9pTCaUcoiYLzKxkZu2','usuario','2026-04-28 00:35:11',NULL,NULL,1),(31,'Valentina Reyes','valentina.reyes@gmail.com','$2b$10$LjZ1AYEEdZvOtf5qwwDUEuohzB7BKUSymVk9pTCaUcoiYLzKxkZu2','usuario','2026-04-28 00:35:11',NULL,NULL,1),(32,'Isabella Moreno','isabella.moreno@gmail.com','$2b$10$LjZ1AYEEdZvOtf5qwwDUEuohzB7BKUSymVk9pTCaUcoiYLzKxkZu2','usuario','2026-04-28 00:35:11',NULL,NULL,1),(33,'Natalia Gutierrez','natalia.gutierrez@gmail.com','$2b$10$LjZ1AYEEdZvOtf5qwwDUEuohzB7BKUSymVk9pTCaUcoiYLzKxkZu2','usuario','2026-04-28 00:35:11',NULL,NULL,1),(34,'Paola Andrea Vargas','paola.andrea.vargas@gmail.com','$2b$10$LjZ1AYEEdZvOtf5qwwDUEuohzB7BKUSymVk9pTCaUcoiYLzKxkZu2','usuario','2026-04-28 00:35:11',NULL,NULL,1),(35,'Juliana Castillo','juliana.castillo@gmail.com','$2b$10$LjZ1AYEEdZvOtf5qwwDUEuohzB7BKUSymVk9pTCaUcoiYLzKxkZu2','usuario','2026-04-28 00:35:11',NULL,NULL,1),(36,'Alejandra Rios','alejandra.rios@gmail.com','$2b$10$LjZ1AYEEdZvOtf5qwwDUEuohzB7BKUSymVk9pTCaUcoiYLzKxkZu2','usuario','2026-04-28 00:35:11',NULL,NULL,1),(37,'Monica Patricia Diaz','monica.patricia.diaz@gmail.com','$2b$10$LjZ1AYEEdZvOtf5qwwDUEuohzB7BKUSymVk9pTCaUcoiYLzKxkZu2','usuario','2026-04-28 00:35:11',NULL,NULL,1),(38,'Sandra Milena Perez','sandra.milena.perez@gmail.com','$2b$10$LjZ1AYEEdZvOtf5qwwDUEuohzB7BKUSymVk9pTCaUcoiYLzKxkZu2','usuario','2026-04-28 00:35:11',NULL,NULL,1),(39,'Gloria Esperanza Ruiz','gloria.esperanza.ruiz@gmail.com','$2b$10$LjZ1AYEEdZvOtf5qwwDUEuohzB7BKUSymVk9pTCaUcoiYLzKxkZu2','usuario','2026-04-28 00:35:11',NULL,NULL,1),(40,'Claudia Marcela Torres','claudia.marcela.torres@gmail.com','$2b$10$LjZ1AYEEdZvOtf5qwwDUEuohzB7BKUSymVk9pTCaUcoiYLzKxkZu2','usuario','2026-04-28 00:35:11',NULL,NULL,1),(41,'Adriana Gomez','adriana.gomez@gmail.com','$2b$10$LjZ1AYEEdZvOtf5qwwDUEuohzB7BKUSymVk9pTCaUcoiYLzKxkZu2','usuario','2026-04-28 00:35:11',NULL,NULL,1),(42,'Roberto Carlos Suarez','roberto.carlos.suarez@gmail.com','$2b$10$LjZ1AYEEdZvOtf5qwwDUEuohzB7BKUSymVk9pTCaUcoiYLzKxkZu2','usuario','2026-04-28 00:35:11',NULL,NULL,1),(43,'Andres Camilo Jimenez','andres.camilo.jimenez@gmail.com','$2b$10$LjZ1AYEEdZvOtf5qwwDUEuohzB7BKUSymVk9pTCaUcoiYLzKxkZu2','usuario','2026-04-28 00:35:11',NULL,NULL,1),(44,'Pablo Esteban Mendez','pablo.esteban.mendez@gmail.com','$2b$10$LjZ1AYEEdZvOtf5qwwDUEuohzB7BKUSymVk9pTCaUcoiYLzKxkZu2','usuario','2026-04-28 00:35:11',NULL,NULL,1),(45,'Gabriel Alejandro Mora','gabriel.alejandro.mora@gmail.com','$2b$10$LjZ1AYEEdZvOtf5qwwDUEuohzB7BKUSymVk9pTCaUcoiYLzKxkZu2','usuario','2026-04-28 00:35:11',NULL,NULL,1),(46,'Sergio Andres Pinto','sergio.andres.pinto@gmail.com','$2b$10$LjZ1AYEEdZvOtf5qwwDUEuohzB7BKUSymVk9pTCaUcoiYLzKxkZu2','usuario','2026-04-28 00:35:11',NULL,NULL,1),(47,'Fernando Augusto Leon','fernando.augusto.leon@gmail.com','$2b$10$LjZ1AYEEdZvOtf5qwwDUEuohzB7BKUSymVk9pTCaUcoiYLzKxkZu2','usuario','2026-04-28 00:35:11',NULL,NULL,1),(48,'Gustavo Adolfo Rojas','gustavo.adolfo.rojas@gmail.com','$2b$10$LjZ1AYEEdZvOtf5qwwDUEuohzB7BKUSymVk9pTCaUcoiYLzKxkZu2','usuario','2026-04-28 00:35:11',NULL,NULL,1),(49,'Raul Eduardo Ospina','raul.eduardo.ospina@gmail.com','$2b$10$LjZ1AYEEdZvOtf5qwwDUEuohzB7BKUSymVk9pTCaUcoiYLzKxkZu2','usuario','2026-04-28 00:35:11',NULL,NULL,1),(50,'Jaime Alberto Cardona','jaime.alberto.cardona@gmail.com','$2b$10$LjZ1AYEEdZvOtf5qwwDUEuohzB7BKUSymVk9pTCaUcoiYLzKxkZu2','usuario','2026-04-28 00:35:11',NULL,NULL,1),(51,'Cesar Augusto Muñoz','cesar.augusto.munoz@gmail.com','$2b$10$LjZ1AYEEdZvOtf5qwwDUEuohzB7BKUSymVk9pTCaUcoiYLzKxkZu2','usuario','2026-04-28 00:35:11',NULL,NULL,1),(52,'Luz Marina Salazar','luz.marina.salazar@gmail.com','$2b$10$LjZ1AYEEdZvOtf5qwwDUEuohzB7BKUSymVk9pTCaUcoiYLzKxkZu2','usuario','2026-04-28 00:35:11',NULL,NULL,1),(53,'Martha Cecilia Acosta','martha.cecilia.acosta@gmail.com','$2b$10$LjZ1AYEEdZvOtf5qwwDUEuohzB7BKUSymVk9pTCaUcoiYLzKxkZu2','usuario','2026-04-28 00:35:11',NULL,NULL,1),(54,'Rosa Elena Guerrero','rosa.elena.guerrero@gmail.com','$2b$10$LjZ1AYEEdZvOtf5qwwDUEuohzB7BKUSymVk9pTCaUcoiYLzKxkZu2','usuario','2026-04-28 00:35:11',NULL,NULL,1),(55,'Carmen Alicia Medina','carmen.alicia.medina@gmail.com','$2b$10$LjZ1AYEEdZvOtf5qwwDUEuohzB7BKUSymVk9pTCaUcoiYLzKxkZu2','usuario','2026-04-28 00:35:11',NULL,NULL,1),(56,'Esperanza Fuentes','esperanza.fuentes@gmail.com','$2b$10$LjZ1AYEEdZvOtf5qwwDUEuohzB7BKUSymVk9pTCaUcoiYLzKxkZu2','usuario','2026-04-28 00:35:11',NULL,NULL,1),(57,'Jorge Luis Bermudez','jorge.luis.bermudez@gmail.com','$2b$10$LjZ1AYEEdZvOtf5qwwDUEuohzB7BKUSymVk9pTCaUcoiYLzKxkZu2','usuario','2026-04-28 00:35:11',NULL,NULL,1),(58,'Manuel Antonio Rios','manuel.antonio.rios@gmail.com','$2b$10$LjZ1AYEEdZvOtf5qwwDUEuohzB7BKUSymVk9pTCaUcoiYLzKxkZu2','usuario','2026-04-28 00:35:11',NULL,NULL,1),(59,'Pedro Pablo Vargas','pedro.pablo.vargas@gmail.com','$2b$10$LjZ1AYEEdZvOtf5qwwDUEuohzB7BKUSymVk9pTCaUcoiYLzKxkZu2','usuario','2026-04-28 00:35:11',NULL,NULL,1),(60,'Luis Carlos Herrera','luis.carlos.herrera@gmail.com','$2b$10$LjZ1AYEEdZvOtf5qwwDUEuohzB7BKUSymVk9pTCaUcoiYLzKxkZu2','usuario','2026-04-28 00:35:11',NULL,NULL,1),(61,'Jose Miguel Torres','jose.miguel.torres@gmail.com','$2b$10$LjZ1AYEEdZvOtf5qwwDUEuohzB7BKUSymVk9pTCaUcoiYLzKxkZu2','usuario','2026-04-28 00:35:11',NULL,NULL,1),(62,'Diana Carolina Ruiz','diana.carolina.ruiz@gmail.com','$2b$10$LjZ1AYEEdZvOtf5qwwDUEuohzB7BKUSymVk9pTCaUcoiYLzKxkZu2','usuario','2026-04-28 00:35:11',NULL,NULL,1),(63,'Yesenia Paola Gomez','yesenia.paola.gomez@gmail.com','$2b$10$LjZ1AYEEdZvOtf5qwwDUEuohzB7BKUSymVk9pTCaUcoiYLzKxkZu2','usuario','2026-04-28 00:35:11',NULL,NULL,1),(64,'Leidy Johana Castillo','leidy.johana.castillo@gmail.com','$2b$10$LjZ1AYEEdZvOtf5qwwDUEuohzB7BKUSymVk9pTCaUcoiYLzKxkZu2','usuario','2026-04-28 00:35:11',NULL,NULL,1),(65,'Fredy Alexander Mora','fredy.alexander.mora@gmail.com','$2b$10$LjZ1AYEEdZvOtf5qwwDUEuohzB7BKUSymVk9pTCaUcoiYLzKxkZu2','usuario','2026-04-28 00:35:11',NULL,NULL,1),(66,'Lucia Lema','Lema.lu039@gmail.com','$2b$10$WKrlS03fyGt5eL5dDadoXeaObeggC72u5V6q7mjfVNdvzhohjhF0W','usuario','2026-04-28 01:34:56',NULL,NULL,1);
/*!40000 ALTER TABLE `usuarios` ENABLE KEYS */;
UNLOCK TABLES;

--
-- Dumping routines for database 'device_guard_db'
--
/*!40103 SET TIME_ZONE=@OLD_TIME_ZONE */;

/*!40101 SET SQL_MODE=@OLD_SQL_MODE */;
/*!40014 SET FOREIGN_KEY_CHECKS=@OLD_FOREIGN_KEY_CHECKS */;
/*!40014 SET UNIQUE_CHECKS=@OLD_UNIQUE_CHECKS */;
/*!40101 SET CHARACTER_SET_CLIENT=@OLD_CHARACTER_SET_CLIENT */;
/*!40101 SET CHARACTER_SET_RESULTS=@OLD_CHARACTER_SET_RESULTS */;
/*!40101 SET COLLATION_CONNECTION=@OLD_COLLATION_CONNECTION */;
/*!40111 SET SQL_NOTES=@OLD_SQL_NOTES */;

-- Dump completed on 2026-04-30  9:08:51
